customer_id,gender,age_group,income_group,member_since
68be06ca386d4c31939f3a4f0e3dd783,,,,2017 Q1
38fe809add3b4fcf9315a9694bb96ff5,,,,2018 Q3
a03223e636434f42ac4c3df47e8bac43,,,,2017 Q3
8ec6ce2a7e7949b1bf142def7d0e0586,,,,2017 Q3
68617ca6246f4fbc85e91a2a49552598,,,,2017 Q4
8974fc5686fe429db53ddde067b88302,,,,2016 Q4
c4863c7985cf408faee930f111475da3,,,,2017 Q3
148adfcaa27d485b82f323aaaad036bd,,,,2015 Q3
744d603ef08c4f33af5a61c8c7628d1c,,,,2017 Q3
2b826eba31074a059d63b0ae8f50b7d5,,,,2017 Q3
65aba5c617294649aeb624da249e1ee5,,,,2017 Q1
4beeb3ed64dd4898b0edf2f6b67426d3,,,,2016 Q3
25c906289d154b66bf579693f89481c9,,,,2018 Q1
5b8f1f0e0930464f93bb55e59b5a04e0,,,,2014 Q4
8be4463721e14d7fa600686bf8c8b2ed,,,,2017 Q2
81ac76e4f2fe4a6bb5ebdc0f19cecc56,,,,2017 Q2
020d3a52b9ce432ea5f98fc58e9bfcc4,,,,2017 Q4
4be1127413db496d8103c783ae72058b,,,,2015 Q4
9d8d6bb2fc544a9c802888971ee3e8b1,,,,2017 Q3
a89752cdfdf24779aa22faa2bc24e7c2,,,,2015 Q3
53bac762af27471eb294ff89ca1bae2c,,,,2016 Q3
488773cae11f4b71875bfccd4e3e99f2,,,,2017 Q1
182e68952b474700b171e21b85c258ac,,,,2017 Q3
5e9c83e8ab4d4e9ca83f3256d83ca756,,,,2016 Q1
c099206f76b1414db7552f163520053c,,,,2015 Q3
e6d3eebb535e44aca1323edde5c346fa,,,,2017 Q4
baba98dba43e42ae8e86cbd70725e201,,,,2016 Q2
58748c1cf9f746838c6ec62acdff28ad,,,,2016 Q4
770df32893694100afc703ea9c9df401,,,,2015 Q3
50b92ea51e2649dfbf7120d5e554e991,,,,2018 Q1
41f9e7e0d8c644bb8b3f9c3a8699dc53,,,,2017 Q2
1d25a96a0ba44f4eb28f587adf3ba9dd,,,,2016 Q2
569866874d614a6a9c30d9f1e3a23b8d,,,,2015 Q1
e94a9c2e750645d0a1aca57a9b4ca4c3,,,,2018 Q3
82d8f33acf684ed6b16260d1dc1b30d5,,,,2015 Q4
82d57bf7f37a4b37aff9e7bd293be8bc,,,,2018 Q1
be76cd174fa445238be5e3bb58a211b8,,,,2018 Q2
bbeb54e861614fc7b22a8844f72dca6c,,,,2017 Q4
5ceb90c4e738427f90cd7b16d51c59bc,,,,2017 Q4
a02783021b7c49eba12cb58cc73a4c44,,,,2018 Q1
98df356ed5864c12a227be4fff503e42,,,,2017 Q3
f5e30345d068492b880e6e876bc72ff5,,,,2018 Q2
91d4029efe87429984d0152b669cea65,,,,2018 Q2
f65ef36215b24f5096aa9454b91ffeed,,,,2015 Q3
599ad9ceb6f94a6283da40a556bdc262,,,,2017 Q3
888e2bf068674fd6a62589c7c6218952,,,,2017 Q1
a384d6c6a6d844468bc2a3afe77e9d2d,,,,2016 Q3
b94c7601b17b41609daa2e3e56c3f53d,,,,2015 Q3
eee612e774e8463baa95a9743ab2385d,,,,2017 Q3
02d206df55d54efda515783e1c525e8d,,,,2017 Q3
02b148f44eee4b9ca7487371472a6781,,,,2016 Q2
cdc70ea5dcfa497bb0c53b3fc20f3691,,,,2017 Q3
c32496c5eddb45439d652b7032cac8cb,,,,2017 Q3
155c4892fe1748d885cfc18f619597ed,,,,2018 Q1
8087cbb0e8f642f793142adfeabda2fb,,,,2017 Q4
4df1ca80efca48759fa62d668378451d,,,,2018 Q2
850246fb2a30414eb76ac3e091c090aa,,,,2017 Q4
462445d316a446eeaf3b21bd398cb87d,,,,2016 Q1
a30a693afbd74047a3796bfb7d10e740,,,,2016 Q2
55bbada9ec754b9493ba8da9f1704331,,,,2015 Q3
5749731ed31948abb540a956963926ba,,,,2017 Q4
901e3bdd943244ccb87af0ed7dcf0680,,,,2015 Q3
c8503ad4841d45dc9002b4144f4028a5,,,,2015 Q3
a2eab1f4ba0c4d339de106c93d509679,,,,2017 Q2
747a2170abe34708aefe3c6de2b96241,,,,2015 Q4
d60b6ba27b854d82a66e92c81cc776ef,,,,2018 Q1
459b2f93d34d46c9aa44614ec2ad27f5,,,,2016 Q2
ebc85038459d4aa59ba91d0a884e494b,,,,2017 Q3
7f162ea908464199a7c80d2573c532a9,,,,2017 Q1
18b8be9637384abe9d13e30a8e00c33d,,,,2018 Q1
ca85d857e3804e97a4aaf4bd64c75237,,,,2015 Q3
989e7b86a4f54af1b550970806313851,,,,2017 Q1
f9aacdb4fa954446a6f1ea22ecd7b961,,,,2015 Q3
9de54389816342449e445db1d75d341d,,,,2018 Q2
683d4ab8958245f28bad581931ef14cb,,,,2017 Q3
3d63a807a77c4a5686a7515f65bb86a6,,,,2017 Q2
98b42c921d7c4b51b74959396f40b05a,,,,2017 Q4
06b1031271174d8596c1996478f07ede,,,,2015 Q3
30157b7fc37f43f2ae7ccd9edfe0b672,,,,2018 Q3
6878e89f853c4691b765ae71386dbe09,,,,2017 Q3
fe4ce71deebb41efa852e9107c80870e,,,,2015 Q3
82a588087e444bac93828ba40fafdd56,,,,2018 Q2
2afcff4b5f4c42fc98b0280a0c8febc9,,,,2016 Q2
6014a8e264474a45a265cbd96aded6f8,,,,2016 Q3
7ca349e55ff544c7a13addfdea2e2c06,,,,2017 Q3
44714042b21e44e4ac10754bbdda8347,,,,2015 Q3
25b4b4120a1a4cb6b7c6bc929a419ba6,,,,2017 Q2
59a12422f837467894ff33fafbc01d70,,,,2015 Q3
149f67791ca9431bb9c27f9f59a4435a,,,,2015 Q4
ecd3d9913d5b48d2bd60aa7f73fee1cc,,,,2016 Q4
df6fd073309e42ecb1ab53d3daa6e13b,,,,2016 Q2
e15b25ab55b1440caab573be8e8c5afc,,,,2016 Q3
57dd6c2aaa1b45c88fabf6f52a38829a,,,,2016 Q1
d04b09c1ae754602aa52f3edad0660e2,,,,2018 Q1
2fc58eaff9bb4ee59d04021408f62d77,,,,2016 Q2
fcaccfeda18b4ac08d5a25b64b4368f2,,,,2016 Q3
7cca188abff447d0ae07fa3e8a8f1dda,,,,2018 Q1
a6eee494b513443099e657f362abcdec,,,,2018 Q1
fe083566dce34c52a6e9d8cfd87239e4,,,,2018 Q2
c86980b5d65a429795dd59535136a347,,,,2017 Q1
7ac04804f4a543038f7bd69135938189,,,,2016 Q1
e199fdec031441fb9f1295eb7952be69,,,,2016 Q4
6181f119c4ef43ed8eccf9af10ec2121,,,,2016 Q1
66e04cebe10343a9b26dd1aaf909a601,,,,2017 Q3
bc79e215f22743698d0ff7c97a4c3f0c,,,,2018 Q3
4d573916e3614e7c99b3ba26440efe40,,,,2015 Q3
b3012ef6a5e440799b1f08f4f5ed44b3,,,,2017 Q3
ed46fca6de7042478b411690878dc069,,,,2018 Q2
b5ba5b2d5664459db99cb011875a4a1c,,,,2017 Q3
b5a4426b80024f66b21770f8c99b0563,,,,2016 Q1
95b95235974640cbba424d0b3e3a1f30,,,,2017 Q3
45917f374e59414b83ae797d61239117,,,,2017 Q3
a7f70061149649d0a0d43d5a507f7822,,,,2016 Q3
6415384bba874cc283c88ba830b441cd,,,,2018 Q2
1613a53bee9140d1af95ef481a08c372,,,,2016 Q1
218ca70819f7456eb87f6457628bef29,,,,2017 Q2
cc1891e307dd48f49bdb894ede98f8a6,,,,2017 Q3
0d799e1906ff4387bfc3cfab8600ff4e,,,,2018 Q2
69a2ee5872384fb6a0bf2d63a5db9574,,,,2017 Q4
c039e4d31d48483bb1f67730baffe92c,,,,2017 Q4
dbd45a5848b04bfcb72db4e5f51e8069,,,,2017 Q4
de3f4ed5cb4a489db3326317a09cb068,,,,2016 Q4
312b2643dbd24597b1a9c45a84a29527,,,,2015 Q3
0d219e744675450583b6981e39306587,,,,2016 Q2
3909e7107fb7499ba95e0f2882f6b12d,,,,2017 Q4
c4e955dccd834bc9897954176f0e9622,,,,2017 Q2
bbb006e2e4524989adb8838954fb96d2,,,,2017 Q1
b93ca45ff1c14f5cacad3c011e1e7fe3,,,,2015 Q3
cb6f79f5cba444099bc59dd466551ff3,,,,2015 Q4
c081384f13c441d38583a0f9fa0f3c25,,,,2017 Q3
c1da72caf3c34c359429b217456cf2eb,,,,2016 Q1
3cc93a4270c347ff8588a7d8a8ea6553,,,,2015 Q4
bad805c0568d49ae9bf2f046b6ea2be0,,,,2017 Q4
dfac83ff61aa420e827d39ad0985cb62,,,,2016 Q4
2d159d2ab57e44bbaec3ba7b31c13f7c,,,,2015 Q4
9f80078fe2a04c74a91bacf3ed9ae8f9,,,,2017 Q4
8d91f3193485407383ab8aefb1aaf830,,,,2017 Q3
d5693531c45e49bda3af20db740101af,,,,2017 Q4
f164f2cddf3b4101aaac8115d65e5041,,,,2016 Q3
eaf82df1ddce4a1e87dbd946ffbf4a39,,,,2018 Q1
87f1b04d4a4340f9acb453c3203c1793,,,,2018 Q3
ab37a7049b4747e1840cfcc298aca0a4,,,,2017 Q2
cc642120eeac4659a9451fe7e869a046,,,,2015 Q4
6ee88043c07c4915884403656e054886,,,,2015 Q3
77761cb48d174951b3fbab5f9053f3a1,,,,2015 Q4
761427dca791440990011584f930078d,,,,2016 Q4
5a609dc56d1c4f6d848040b23ca6c806,,,,2018 Q1
44b02bac48694f92aa88cc04e597f6f0,,,,2018 Q2
543df9ba7ffd41e3a806ad6388e1673e,,,,2017 Q1
ece8acca69974af1a4c6d3a1c7a51811,,,,2017 Q3
d8c37aab56804696abd5a8f908fce779,,,,2017 Q4
bc62f4b408144010914d5755f1d17bdf,,,,2018 Q2
d5d0c3591e6d452f896b82442bfd1f3c,,,,2016 Q2
72538ce73a084aa8ae863c2d0ceffeeb,,,,2018 Q1
f5469a1a88bf4e62a6d5ce4f36bfe1b7,,,,2015 Q3
27eb22b701af40ac9ed610c10718fc1a,,,,2014 Q1
91a69d5cba394b1b8206daef3d95514c,,,,2017 Q4
1b30646b85f5460eb255457678e02211,,,,2017 Q1
0485b8cb0bfc4d938895bbd6d8cbd7df,,,,2018 Q1
087339125d104a39bdf4e6e18be64ece,,,,2017 Q3
f0cfff24201745f79321abb1101ebef2,,,,2016 Q4
56d8d9f4035c4e6aa14f39abaec82571,,,,2017 Q2
21a6d6b94e394809a1cc66513b60ecc7,,,,2017 Q3
6794b7bff3864634bae703a17eaece14,,,,2015 Q3
a3bd3fe98b46473da7e01edb9aa17cef,,,,2017 Q4
fe4b84c6bd5d4c6098f6299220965440,,,,2017 Q4
8e8c022a3b034c139b5f34f5dfa0fbad,,,,2017 Q4
8ceafd5b09354f0285e47d410b258b91,,,,2016 Q1
098d124614df4e4b862d678160b98638,,,,2016 Q1
89db13f87ed64047b4242a5836d3db42,,,,2017 Q3
d558b038136e4474a94ac2bb0a67efc9,,,,2015 Q4
cbecec5803434d63bce1e4c451d4b2d7,,,,2017 Q2
28c0952297a3447f9a067d65469270b3,,,,2018 Q1
bf5e5a7d926e4cbfb2da22f8f7d5c18c,,,,2017 Q3
62bacb593a434f0d96b814075418e983,,,,2017 Q3
08a06986ff2d45079b0b8a9322a570bf,,,,2018 Q1
bd2ede5a3d4147118a6e72bf7d134153,,,,2017 Q3
834d166621774353815b037a1d1fcadd,,,,2017 Q3
5b795cd47abb4c11b16d9a63100eecb3,,,,2016 Q1
d8fc164eb048450797d598b391c09ffa,,,,2017 Q2
48e69836abe64357b92e8f0d314cbe46,,,,2016 Q3
2e51a42242954c69acf329eec82b849d,,,,2017 Q4
d3f998b289524c48862d1ed0cd3f7fb6,,,,2016 Q2
a16e3e6a77ee4f359409f8f19d2b8d2c,,,,2018 Q2
7b5e5ed968fe4cdfac14223e3ee4b8de,,,,2015 Q2
6c0bf1e9a354447689cac11e0e239ea0,,,,2017 Q4
9721f24798b04dd18723e4504512cbb6,,,,2015 Q3
eb3ada86b4e3441b94d53427aa0d9eed,,,,2018 Q2
881f7a5d11bf424cb8535fafe54da6e2,,,,2018 Q3
409e23b7a2dd4359a79303fe3898d9a9,,,,2018 Q2
3902e17a5bd44044934cf38fd11ec014,,,,2016 Q1
3f8b8ce1768d427588f442776e989b1e,,,,2015 Q3
b30b3c2959494bed9f12faf317975380,,,,2017 Q3
c8ecfc8685bd4cbc89f5a0e67c05ed2d,,,,2017 Q1
bea39bf06adf4610b588deaba0bd791c,,,,2017 Q3
94613cfbdf45424d94e232e56e64d592,,,,2017 Q1
9b3a49d67c9042c19109e55553706dff,,,,2016 Q4
7bd5b229cf21400e90c42f2d7976ffa4,,,,2017 Q3
7e0b1114c08546b8b52e0980189ce292,,,,2015 Q4
75afb8d248164d62b326d4b1cc13303c,,,,2018 Q3
f9e5aa24beea48498e4ec7c1a2cce240,,,,2016 Q2
aaa997c6872b44b4a82a21d998c087c8,,,,2017 Q3
496cca27500b46c09957bd056ef743fb,,,,2018 Q1
2520b80ef6024377adb7d8fb5691160e,,,,2017 Q2
f47de7e07e1149429d604937326ae500,,,,2017 Q4
0cbb7a6f90b94efd801ed46d95a22c9d,,,,2017 Q4
3d3e9cf3fd384c99890a5711ab998816,,,,2018 Q1
603f3605295449339d3697415ca7be49,,,,2018 Q1
55289282866847c681072561a2cd5474,,,,2017 Q1
0903e02ddbb7438f8de18081d1595a34,,,,2018 Q1
984ec7ad847d484d93d47a261f759168,,,,2015 Q3
b90fff218dad4f849c4fff20b4112c01,,,,2018 Q1
31f6a03cc7c642ee8b074adca55f46be,,,,2016 Q4
9527afee9814451ab8d079fdc927b514,,,,2017 Q3
f62c30d272514551b02d14486210a0b3,,,,2016 Q1
9c764c3665654ddc8897ba0c67ad92b5,,,,2016 Q3
d178974f82af496a9f93c675d58ce27d,,,,2018 Q2
2c71bfd6c1f54aea912d02e44c3f7617,,,,2017 Q2
cf816a51eba94005985fa27fa7f0fe44,,,,2018 Q1
b23a9899a5674d2a8ebb29f79ab15544,,,,2017 Q1
dc604edf1ed944c38d9d007a30fc28b5,,,,2018 Q2
9707abc5b1704e9c9b0eba14be1e0aa5,,,,2018 Q2
401540c42ab34de1b873b34bf46e9149,,,,2015 Q3
f4f6fa9f813640baab5fa4e66c3b6707,,,,2016 Q3
5d37023bf1e84b39953a2d6ec2670708,,,,2015 Q3
2e868c31f1bf4085a44b868a75ddda77,,,,2017 Q3
13ecf35c6ec649db93b66c311b7e75ba,,,,2017 Q4
7266ae3ba556431295c89e6ad3add995,,,,2018 Q1
3c115476638f4763a6393add7266e1bf,,,,2018 Q2
df1f60e8aa4c42ad99854c179ab4ff71,,,,2017 Q4
ee0089665b36416899b946ba07de9457,,,,2016 Q2
dc307ad4b2994fb08b69af09ebef53dd,,,,2016 Q2
dd2b1fc955274b558f004a1540baaed1,,,,2018 Q2
304ff67061484ca6a8823a0313ac8fc5,,,,2017 Q4
cd386c25a09d40ee99b155cf24357c8f,,,,2016 Q3
212a2120b14d4ed88a10d2524c715b28,,,,2016 Q1
120dee561e744f748747331688866adf,,,,2018 Q2
ab085dfb81654d2aa6f173e1dd662d59,,,,2017 Q3
e0f1ca131f4b40a7a5f232b11efa4aea,,,,2017 Q1
703f473f85a64efcb5414f3f183835e6,,,,2018 Q2
c02340ed0fb4448b9a651f643fddac95,,,,2018 Q2
8fecf802b2d44d15afa079e46ce207c5,,,,2016 Q3
4c3ced252b9b4d45bc216b8264021791,,,,2016 Q1
03c7b0b202294fbe8edbd73b0b499fac,,,,2017 Q1
59d3df1373c94ad2aeeb41be729959fb,,,,2017 Q3
408574b846484c9f97f458b678a01a0e,,,,2015 Q4
e96ce7cd685344ca9335f6f9464050f5,,,,2018 Q2
fc89955c8b494533bad2ddf5ba2fb43f,,,,2017 Q3
e42344cbd2fc4d83b924ebef3d7972eb,,,,2016 Q3
6a9abef5db1849248245c6c2f23deef5,,,,2016 Q1
0bb1b63ae72141ceaa722b966df2d6d2,,,,2016 Q2
b15c6c3ab13f4994a1d602e1188b4fd7,,,,2017 Q3
8ff5631582df4e07a0df6d4c59c86000,,,,2017 Q4
d5299e0003e44a11858e28bc4fd86d0c,,,,2016 Q1
8106a980e679458d95261d5568f59f4d,,,,2016 Q1
9e1b77408fdb414bb6d36a1aa04567e8,,,,2016 Q4
8652c3edf3e84c70b635dbdd4cddd397,,,,2018 Q2
6cd7e548e2a04429bf4e248e045b4f4d,,,,2018 Q1
41aaf597e9524875a1cdf4a2d9adfe00,,,,2017 Q2
56468e5325c641ae8beecd36f228b690,,,,2016 Q2
7bc2214e63aa472cbb0a23d4e6877298,,,,2017 Q4
fb531e0001874b2e9d55076aafb40c4a,,,,2017 Q4
3762c69237414fd49960363371a47c5b,,,,2018 Q1
87244fc214644f6584944d8180991601,,,,2015 Q3
3673655033ee4bf782a1440da5617064,,,,2018 Q1
5586f134881d439f9223201f3a1ce9a7,,,,2014 Q4
02a00d256444415da8460cd2a3457ea7,,,,2015 Q4
88247de5c0b441d39e45cec0f89c81b6,,,,2018 Q1
5aa2cd5e17c540ada955ba41c117ad74,,,,2017 Q3
41f61457312a4186a7c3160e66f013e5,,,,2017 Q2
a733eb13c7b8458697dd1f113e66d795,,,,2017 Q2
70712affff0d4f3891bc0d2c58d7698c,,,,2016 Q1
5356198b00864b79942f118cb54fd5a7,,,,2013 Q4
79fab69fded44704b5a3ccbb9ce8a322,,,,2017 Q4
0e5a036dfa3e4b2b89672b2e008086b7,,,,2018 Q2
6c40d0aacba44dec9f473c8e4f220936,,,,2016 Q1
7567420e270145bda103f22a7c15efa3,,,,2016 Q2
3a3eee35ef4e47f5be2e47c620b15810,,,,2017 Q4
fe27f786458b481383a4ca6dbf5a83a5,,,,2017 Q4
a0a8652d003f47d08ce7068066d18eab,,,,2016 Q4
750d116772de4b6e8683ae05f591e385,,,,2016 Q4
123ac69b408044deafb64369fcc85a67,,,,2018 Q2
4a6b6b268e7b4c6ebf96bc92cd67cf0f,,,,2018 Q2
fa23afe7a35b4cc3b241029d98452c24,,,,2017 Q3
f168dfeb0f904c369419f5927e15bb0e,,,,2015 Q4
6e92b54c462347d399b202640f460f6f,,,,2018 Q2
5d8b0c1eb8fc4ca3bfcb84922c0b25b3,,,,2016 Q4
7e855376e2174402bcf964468f4a71c1,,,,2013 Q3
208ee0fcd764461c8cd493c68a72bd81,,,,2017 Q3
43fad197697347f88bd70d89421b5030,,,,2018 Q2
d018a8a3bef243b1b37414073ef5e74a,,,,2016 Q3
09b7c854b70f495d883b9004d83d0137,,,,2017 Q3
2b8f9526aeda47eb8210ba7be559106c,,,,2018 Q3
91659a8581b3422480a27aff43e9ba45,,,,2018 Q1
530a3bab3e7e490192193bef66e0fa57,,,,2017 Q4
c8616f2d495c412c95dd5bd646553624,,,,2017 Q4
2c4fbcf0ef95498f923f7c7424dc4839,,,,2017 Q1
0fa15afeba8742808fac651d0611a018,,,,2018 Q1
6b156ccb18904aacad8cf8328f681101,,,,2016 Q4
e93fb1a740ef4f6fa8f98d7c82492ad0,,,,2017 Q3
020354b1aea342cbaa018993f68fba68,,,,2017 Q3
e5fec103d6ab473998b14851f448cbf5,,,,2016 Q1
35ede829c96b4fbe896ac31d92521d47,,,,2017 Q1
c8b4d93c75bd40798a05a0b8cfae73fa,,,,2018 Q2
104cbbfdad2848a697b4632d871acc3c,,,,2014 Q2
220d2909c34244d095d72ec3dc4926a2,,,,2017 Q4
998361929c1d48bbb39bbc9f877c44b2,,,,2018 Q1
8f603ca13a9740dd9d6cc553166b5a2b,,,,2017 Q3
81f93887a5404d19b46fa8e83494851f,,,,2017 Q4
e304dfcda07a43f694d3790607b4659d,,,,2016 Q2
86d1c0779345461fb1f5811627c93b3e,,,,2016 Q1
dde32d858ed647309b49a602c5dc0435,,,,2017 Q4
2ed795282792477091388a62bcdfd4ad,,,,2016 Q1
06ef15a17adf4d7189287d691d3965e4,,,,2017 Q4
c69c472adbaa425aa5cfd727f4978ea1,,,,2017 Q2
842080dc78d846858b4a40c3000529cc,,,,2015 Q4
86b6a45fc49d443ba50c4e887c3d2610,,,,2017 Q3
8ab2f916aa2a4d6898dbb2a458c89488,,,,2017 Q3
110ed1f7717947f49601171c5954a78d,,,,2018 Q2
032aaa79b15e4103a9e91a786d416734,,,,2017 Q1
390d897a08e94263bc968889972bb65c,,,,2017 Q3
8e269f4308474449b814df285c4de66d,,,,2016 Q4
484bf924471342f38b859547b0917448,,,,2017 Q4
18b4fdca88b347aa8a7d8ffec773eaeb,,,,2017 Q4
27c403350609417a8daf0be3125174a3,,,,2017 Q3
290cdbe5173940758a689238b72f80b0,,,,2017 Q3
e28384727cc043a0a813262bcca0370b,,,,2018 Q2
4806e4b0352b40b7ac0bcb8163875194,,,,2016 Q1
ccfd44eac85a466abbd7881b302b68ea,,,,2016 Q3
fcaddab0e0484a4e9912113ae57f94ca,,,,2016 Q4
331f88bc7b5042ec9a4c90bb8e516cb5,,,,2017 Q3
1971866be459439aa62669bd4d56f394,,,,2017 Q4
b784713fea5f44f794f87259662eb766,,,,2017 Q2
eefff7e6ce0344c2a85ab5dd21db8399,,,,2016 Q3
bcd790a08f8f4eecac9cd3713189acf8,,,,2015 Q3
2c8b37d63ff64691b7759120eba028e4,,,,2016 Q4
923afabe892840a4a909b00a3114a290,,,,2018 Q1
1bfed1986f2e4551962088417ac886d5,,,,2017 Q4
439b5d9ddd9946e68c6f6b6ad197e710,,,,2018 Q2
c029ebbd5e584674bceec4413373dc20,,,,2017 Q4
ea5f76f81dc8488a955172fb91d06bca,,,,2017 Q1
bf4a0a21b0b64c869a573f6a4e91de18,,,,2016 Q1
54cd90763b0a49cda2b145a911890174,,,,2018 Q1
a665c305ca944b12a2e3a6f352de7a96,,,,2018 Q1
f0aba2cbde6042bf8b46ed5478aa724b,,,,2017 Q1
9d51382187a24b249a2bf1bf659188c9,,,,2018 Q1
a85bfafef1214b86a1ecb57fca38f0ae,,,,2018 Q1
94a67c2fb1b647ee93f6f147a100e9b3,,,,2017 Q1
de1805d4829043babe77b08fcbe3785e,,,,2017 Q3
c3b1e510416f4300ac8f09d058111889,,,,2017 Q2
60038831ac7b4638ae031f61c61486a2,,,,2017 Q4
6683f9a3e9344658ba4d8776410086e6,,,,2017 Q1
fd10d3f58b1b4ecb914ed677e06a4e51,,,,2017 Q4
1f95b63330504bcca452f946a265461e,,,,2017 Q1
3f7ac208f7e844cab207ceb8e42177ba,,,,2018 Q2
ed1418961ec34a12bed2a53bb712b58d,,,,2018 Q1
f21dc202f8084b96a2cbaf006a35e187,,,,2017 Q3
efdba8d2ce644cbf8914762303489a48,,,,2018 Q1
7e000dcb51f84ee2809f728294e5b92c,,,,2017 Q3
3488368c95a74463918eff304275d3ca,,,,2016 Q3
87576d8c2371491f9d6127f2235bfdfe,,,,2018 Q2
cfc4bbee38734ac2a99ecc012ae12f0d,,,,2015 Q3
dcc4cddbb55f4241a7bc73205e290262,,,,2017 Q3
2c51298e7b644623a3760b4bb5a92bde,,,,2018 Q1
ed851c7728e34d21854a3ece16c3417a,,,,2017 Q3
ebae5093b436466c9fbd097cb7434023,,,,2017 Q4
6c8127555baa4332a22044807c26aa04,,,,2018 Q3
d531d1b3ea68440889634a0239c20878,,,,2018 Q3
2d3b0e95fc3c4b31b07be43ddf7597cf,,,,2016 Q3
2347c2ad74fb40b1a9652cd9d1ca04ba,,,,2016 Q2
5e8b47c6fcec4da0afbe79062da79e04,,,,2014 Q3
405abb415d4b44379feec2185f49cee3,,,,2013 Q3
5dca7efd64aa40e9aa8f8d1b3d9bd6a1,,,,2017 Q2
a8d49189b41b45e3a54954e01d911110,,,,2016 Q4
15034cd1fcd9449d8661d510bf4bbdf7,,,,2015 Q2
95da17c7b7f04e3e997427fb451830eb,,,,2017 Q3
cd15d81298054b478592e89a093bba18,,,,2015 Q3
2da84ad1e6894d9197b376a9dafed1db,,,,2016 Q4
baabcdb7520b401c89f2a26799a4e3fb,,,,2018 Q3
256febc6ae7440a1861d688f876d7830,,,,2016 Q4
ee916f63db3e4148a0e0cfbf7a42e795,,,,2018 Q2
32f515e5caa64ab2a32827c89cd94c54,,,,2017 Q4
9c10540f4b6842deb88e827d8d1260da,,,,2016 Q4
b685bf9de0794b44ba299464a95aa679,,,,2013 Q3
9209b9540a0c4ae08cda81a6db0e4019,,,,2015 Q3
360b8705b0564f2194a16ec4866b1164,,,,2015 Q4
d79a422d00674d80a30311c203ad0e6b,,,,2016 Q1
824d6913ba1b4f6e8e3fba70714fb90f,,,,2015 Q3
5d8afafc8f544d44a7c63cec59a17298,,,,2017 Q1
6d2b7ff9551c468ca7051932d792d570,,,,2018 Q2
a3ed9f40184c405db2102ac4b78bfbaf,,,,2017 Q4
ec7cadf8b78e44d080ee8d099f94acc5,,,,2016 Q1
d24cd08e13a1412c9fc9d5a675d0f148,,,,2018 Q1
2ad11a6f663a4ac1ae56b0b0c54c8086,,,,2016 Q1
af9560ee481a406381c58c9f7b79cc2b,,,,2016 Q4
946939f5ad7344ff87232f453d112f07,,,,2015 Q3
986856bfc2d14662be276f396431cf47,,,,2018 Q2
ec8f1f9e6efe4a20969ef2345a16e95c,,,,2018 Q2
295698c734bb4aa9a77b8986670d723f,,,,2017 Q3
cc5acecea5ce4cae8b4529d418993f00,,,,2017 Q3
b7724737a4184c609f7b5075d0865d63,,,,2017 Q3
fda264de6e3a45688f251167331d893a,,,,2015 Q4
c095dad5bf3a452389143ab4b864f10b,,,,2016 Q3
d8763ecf77d24d01bc71ead3dd775365,,,,2015 Q4
8adef45dbe5c4a3da4e351045e86be3d,,,,2016 Q3
03361f5f681e46ad97796d52caf9afa2,,,,2016 Q3
81a6b5a34a204d8081676f1cab19a8d8,,,,2016 Q3
8f26a78925e24c22a03dc134fb44fc4b,,,,2015 Q4
3df7d9de211f4295aa4777bb0c20516b,,,,2016 Q3
c9e985e8988f49d29b57b046a07ce995,,,,2017 Q2
1d54459b668046bfb79c0298ecb88007,,,,2017 Q1
efac38533e68478898f6903a0abd7b58,,,,2018 Q2
bc98025ca6a1476887adb6ab925e8b0f,,,,2017 Q3
aab991c762f240d28ba259bde064aa44,,,,2016 Q1
676ee3fbf66b46078484ecaa99bc8d1a,,,,2015 Q4
f197a69edba247e4a43a1b78b3fd46da,,,,2017 Q1
3a15cd6816e7422ea64bc720130500e3,,,,2016 Q1
4945fdebd4484357b43da1181e203706,,,,2016 Q1
e72f808089f5456cb4df77343a95495c,,,,2017 Q4
08c3111fd2a14bcdabcedbabde4ec93a,,,,2017 Q3
9fb1b91b4b6c4bdba8b2d79a807743a4,,,,2016 Q3
a185ffa762294ed0b1f33df8c88ac242,,,,2015 Q4
7f202eb46e3140f4995f8718471400be,,,,2015 Q4
2bac7b1a8ffe4fb8bb3be7f06d8f0db4,,,,2017 Q3
8f82848007d649a5bb278dcf5df58acc,,,,2018 Q1
92839af159c04127b655ee076afe2f6c,,,,2017 Q1
1db3570ae60246d9ab96bf03f04b1baf,,,,2017 Q3
0069a50874d846438e58acff5e594725,,,,2016 Q2
e2a64c06c0c34d578aea58f0123d59f1,,,,2017 Q2
8f0d8c7a45924f688c140dd9fe4db0b4,,,,2016 Q1
436c610d0637412f8cc101b6e5b4b52a,,,,2017 Q1
944dfb1ad047453ab8db462d88e6babd,,,,2017 Q3
e8db8c4fb4fd40119ebe05310de8cca7,,,,2015 Q3
2c598928868943b0aad98901a279db24,,,,2017 Q4
960a8e7be0104a79985eec96cc72c774,,,,2017 Q2
a79aa009c6f74b58b6918dd73e7bafd7,,,,2016 Q2
438a2b144d774516a3ac79d50246d7d5,,,,2017 Q3
169a67c164814dabad8bb7c54fb1cc77,,,,2017 Q1
055a2a48b6f84b5ba3427e05e6beeb3f,,,,2016 Q1
cc45d9155aac463d9ce1b33b260be9f9,,,,2017 Q3
7cf4c19a756644b08d9d82d2d7f9c46d,,,,2017 Q2
a13cf656543040d89b857709ed97c25b,,,,2015 Q3
788db6a5814247e38bac0a3c0c56ec96,,,,2015 Q3
cd0d864ba44f4ab98071dc7775ce1c5d,,,,2015 Q3
f03a05fddf2543ffb1764a11e92739b9,,,,2016 Q4
012ee55a90bd4d969b0d0cdfaffdf6ab,,,,2017 Q4
3083b4b83d3c436d90fb41297da0e9d3,,,,2017 Q2
3757c06385b24817a689b92c9b76ecb2,,,,2017 Q4
0a5ecb5b15fa464b8a2f1cb3bcba284c,,,,2016 Q2
8fdb780cf1844206bd605313965cacf9,,,,2016 Q4
6ce4e45df1db4cda95341f6b7ac18f42,,,,2017 Q4
8614aba093c549c9a9d38e212588763b,,,,2018 Q1
57b6daacc3d746f68e57bb2180b6f8a1,,,,2016 Q2
fc86f8092ded4a768a235b5c3191d415,,,,2017 Q2
9c1f78d1685446f5ba41c2ed13f6b039,,,,2018 Q1
02f446e152254ab7b01e29698932dd01,,,,2017 Q2
556a14158b7e4d1ea2f7a4e2d9a8dd2f,,,,2015 Q4
cfb8760657e4456da7a7627ce13db343,,,,2018 Q2
a2283670ca414cde98a2843790a13410,,,,2018 Q1
c4196572916f4e7a8a5e6b0c18c7dd40,,,,2017 Q3
b9a04a1d30fb4373883c775e8c76dfa2,,,,2016 Q4
11fff2c68123408b93e01ea1deece057,,,,2018 Q1
a45eed4f2f9640fca6bf0975b63d1551,,,,2017 Q3
3f9fa22178894f38beed3d7b0efbe405,,,,2017 Q4
f8a0d2e3a8464ce3929391a5f2b2ddb2,,,,2017 Q4
654c2a9ec95e4cbfb68afd7f3fe53159,,,,2018 Q2
597760e0272a460cbc840b471d768427,,,,2017 Q2
253154f26d2c4201aaed2192bdbbd8dc,,,,2016 Q3
d4309b7d75174eaa8115f4357b28cd98,,,,2017 Q3
f02fa2294c24490db75354d38a1eabad,,,,2016 Q2
da5724d9ac2c45feaa532cdfd4f1ec4a,,,,2018 Q2
5e940120796c4804ae4a5e1f30838acd,,,,2014 Q2
dd37f142a5354f539b2f246cd5a4a6d3,,,,2015 Q2
a94d4b0cca4d47128920f66a5286431d,,,,2018 Q1
03ae3b023c2540f4969b64b633be5ede,,,,2018 Q1
75da6707b8824502852123cf9e6d353e,,,,2018 Q2
f04c9064ecfe4852991fc510428c7e5b,,,,2018 Q2
392bd914245349489e4972fb7e4ce86d,,,,2017 Q4
8f8e6021ca784840b5c77a7e9647c751,,,,2016 Q4
56b1a70016c74f6db9376a33cb423dd5,,,,2015 Q4
784ccc2dee1b41c2b19f3c85bb9cf634,,,,2017 Q4
3cbbefdc6db148d88acf8944bd77c48d,,,,2016 Q3
239ad0b3580a4ae49b3bd9fb9f56d138,,,,2016 Q1
89ff2eb181e942aab88a65447295cc83,,,,2017 Q4
15ae7f0b5e9e4ca9bea76bd42644e0b2,,,,2018 Q1
8e41b43818f144b784fc64fe8c27d3e7,,,,2017 Q4
3977011340cf47d08a23c4b3d6f6aef6,,,,2016 Q1
bc05b86875da4bcb91338e2bde229a75,,,,2017 Q3
52373a9fea6348d583b6e4fb8c20e34a,,,,2016 Q1
2e9e3cfa14dc4500a10932838444f0ca,,,,2016 Q3
343543ae92b8457d924cd7a8eaa7a955,,,,2015 Q4
dbdb5eb514cb4b94a49be1e888ef7250,,,,2017 Q3
9f3a4c78181f4a138f0130ea027a2f3d,,,,2018 Q2
c95f9e4a135a47c88af6b0e86887cb3b,,,,2018 Q2
12da1e886d0c405299369ee3f0d975e1,,,,2018 Q1
3177d2d794b94e2097125b31a92c4c38,,,,2016 Q1
e5f2af92edfe4dfa8956cc29a5567b11,,,,2015 Q3
9f63154156e745988a670e4c3fe29249,,,,2018 Q2
2e5aa7325eaa42089d72d655aa7ae282,,,,2018 Q3
66c6a0c7d2cb49cc958c76ea136c944d,,,,2017 Q3
3af266992b2448599ace40a81088a951,,,,2015 Q1
7ede12164ac7489eb5b4f607b87977f4,,,,2017 Q3
f97fb524ef4e46e3937cf3bf6b47fdda,,,,2017 Q1
aef607d8b1d14eb68196f438c5d8bbf5,,,,2017 Q4
f660a1217750485a9f2f36fd929b5575,,,,2018 Q1
771f341037bb41e49d1ce4ed096b3488,,,,2017 Q4
2a2434a742fc40df952c536485bb205a,,,,2016 Q3
3d02345581554e81b7b289ab5e288078,,,,2017 Q1
7df6d44d1ecb46b59fa09e1e3fb57ebc,,,,2018 Q1
7979224ed8ca46a7be6112db5f498986,,,,2018 Q1
bc8cf9f0276542c59fedf4878bedb069,,,,2017 Q3
bd5b31dca4a94430a759aa9c4e89daeb,,,,2018 Q2
7d116e81569d46299471c18a615feea9,,,,2016 Q1
2e54d5a59bee47a6a05df0ba65654deb,,,,2017 Q4
a768ea97df544316afa7184273e13152,,,,2017 Q2
03833a1fe27f4435917da7e54c6fa48a,,,,2018 Q1
744d04231e5046b98fb7ca1544f6e259,,,,2018 Q2
ce7cdd9de40f4c34ade7b7b53ffd77ee,,,,2017 Q4
2c66aa7a1fff4f0d84f69a40eea5e8f6,,,,2018 Q1
307f96a6ea9d40daa5978bf244dcd735,,,,2017 Q4
3ebc60e3aaaa41039128482c7296da53,,,,2017 Q1
a0661ae79ac14d6aaa6a512c33bb9dea,,,,2018 Q3
6932f4c26a0448849fc72612bdb9f6ad,,,,2017 Q3
c2dedd3d38044d9492060c4f4952ad5f,,,,2014 Q4
6f8046e4e6c14ea699cfb964d67f5e4f,,,,2017 Q4
8a786fa0da254df79cda216055c8fc4c,,,,2016 Q3
9a98ee297491498b97ada808e2e7f3c1,,,,2017 Q4
68847bcfe23c4f7681e82e98d22d0b23,,,,2017 Q1
06ca908ab8624ea7af1ed69068b47155,,,,2018 Q2
d25c574922054a82b1bcab0a0ea3cca2,,,,2016 Q1
310c21b205154ec9aa121262cce0d30b,,,,2017 Q4
a4d4393d96a3456bb68a434973ad9b47,,,,2017 Q3
8582150967d2440e93a857b4ef460f43,,,,2018 Q1
6ad46e5e66a544d8b132562d45572117,,,,2017 Q3
10814621208d42cd98eead9ea704eb47,,,,2018 Q1
3f9ffd2f4d14467b8aada5f88ed06c10,,,,2015 Q3
95698c2e53b247b492fdc3a96ac75d58,,,,2017 Q3
07c0543d781742cb94db14afb1420e2a,,,,2016 Q2
4c142407c3d041569bc92b1ac269d004,,,,2016 Q1
171c7f6ef14c416a87ac8907c58202ed,,,,2016 Q3
d238c2c94ca64d348808025afb370195,,,,2018 Q1
6cee7e5f6769472eb4151cc89eb039ce,,,,2018 Q1
6b68eed636f049968e3d32267cc31658,,,,2016 Q3
a3627a341176408c9512c6c6a8378458,,,,2017 Q3
5ff7ca206046431aacd73a359e71571e,,,,2017 Q3
1b13f0dc7eca4451bf9dc1454140846f,,,,2015 Q4
1e9bab3a7f2c4ea1ab799bebbc978859,,,,2016 Q1
2508c99e375a4cdc9832255ec65effd1,,,,2017 Q1
f86cd307248848cda600b65e282836b9,,,,2017 Q4
9bbca859a7ff43db981b10737391e550,,,,2017 Q4
b64e206f173d49fcbcae3cc5b4b4965c,,,,2018 Q2
76a37e94728b4b4abd31c6fda4f33855,,,,2018 Q3
fc505c0e65564765a6c65396619b444f,,,,2018 Q1
0d6ff25e524b4d1e97039c91a20113f6,,,,2018 Q1
ba1b1f46c4c04874940e60e758ce4cc3,,,,2018 Q2
43307b406e3e40d0bb66c0d6231ea2fe,,,,2016 Q4
b22d1083630c43288cf7d032eaeda6e0,,,,2015 Q3
0c5d91496aec44d6a4fff1c280a6a7d5,,,,2018 Q2
12cca3942a6641428967693f1e90d3df,,,,2018 Q3
1218e2bc59f64a619f3503e9c8b76f9d,,,,2015 Q4
5c3d71f075e04e63a34f7e091fbc5504,,,,2015 Q4
664735f5e78d4e139327164f14cb4805,,,,2017 Q3
1faf8fdf229c468ba054e98356c617b2,,,,2016 Q3
105d0d099b314fa7bf432307e1bb4166,,,,2018 Q1
3c76c38021e6465382c960230b141b88,,,,2015 Q3
5aa63763bb0c4548b0a30f451e75b365,,,,2017 Q3
93b666004615427ea166af9f027eef42,,,,2017 Q2
9a0f56740b7a46e8b03138e0fee212e8,,,,2017 Q4
90f4075d71ba44029655b4b0fb42603f,,,,2017 Q4
faffe5ce24c343a39805bfe0f98c77c4,,,,2014 Q2
7b29e39112d44169991068b354ebc3c9,,,,2018 Q1
9c692f9c82634eae9b881367b008c242,,,,2015 Q4
ae9c7e677a7c4089a180c98f491fec68,,,,2015 Q3
353697e3573c49cebed67da5d6fb49f9,,,,2018 Q1
f508184a347e4ffe9cf3c56ea7b04834,,,,2017 Q1
aa5405c344f64012835c5c49cbbb9df9,,,,2017 Q3
ffede3b700ac41d6a266fa1ba74b4f16,,,,2018 Q3
ccf7ab23a3e849a0b35b6b6adb826aa4,,,,2018 Q1
573adebe44ec4d2c83bb83a3b3e96767,,,,2017 Q2
718c019dbda445348c10f512fca3a6bf,,,,2017 Q1
af0acc34b33140289fedc26d34ba3e85,,,,2016 Q1
05f5d803302a40d78b0724c86022c7cc,,,,2015 Q3
ff5a3d93c39e40d0a56a65673350cfab,,,,2017 Q4
46738033b03d407bba6224786b6fa288,,,,2015 Q4
87f97b3f87604c3b8671e86091b755dc,,,,2017 Q4
c33c236fec0c4a3ba91389f33c7b7547,,,,2016 Q1
00116118485d4dfda04fdbaba9a87b5c,,,,2018 Q2
48f7bc851d79485aba255b24325f4649,,,,2018 Q1
32fde4e7af274009a288b2268f994af6,,,,2016 Q2
e222dad0c0ff4efaa9404dd9573567c1,,,,2016 Q1
77efdc54d1c84eb382a3bb1b87322b0e,,,,2014 Q4
caa100b2b89c42fb8871139c5d0f445f,,,,2017 Q2
565bfc57948a485f92822b95994d62ba,,,,2016 Q4
0c9cba93f6454c16bdb698683072438b,,,,2018 Q2
76123a797b0d4ced9a1bb1fd904c1c3c,,,,2014 Q4
bdc01fa3a83c4913972c79b34443e152,,,,2018 Q3
aeb042db70ab4c138f08a5c50d666e59,,,,2017 Q4
e51edf76d2d04cc5aa78d6fa204384e9,,,,2016 Q3
9d15e156105d4fb083ee65932ef6fe26,,,,2018 Q1
79f05a2866bb4c7a808604aa178e43f7,,,,2017 Q3
8d041a344de14de1af61420f32387931,,,,2017 Q1
edddd144020249c381fee7be612e7b6d,,,,2017 Q3
c97f4e8df4d84315b3fc727895c165d9,,,,2016 Q2
dad8efdccb7e47ee8e628db1b61c847c,,,,2018 Q3
2847621b6efc4ad5a039fe338fef2890,,,,2015 Q4
5417cd56b9884f26b4cb0cd15b9aafc4,,,,2016 Q4
41937f6173f443d3a5d5dfb5ad67746d,,,,2018 Q1
6eaecf5a6f75472db3e79e4c346ac318,,,,2016 Q4
689beb5e5dee4b998b22b1997a291f75,,,,2016 Q1
a245499a51c948829ac0825d9c669ee8,,,,2018 Q1
85240db9bdca4e5486b9837ae5ceea59,,,,2017 Q4
e7593c299cd84b9f9b2c5d170ebc36df,,,,2018 Q1
b6414121421d43b5b45cdd70f1f1c8d1,,,,2016 Q1
66871162ec084d02aeaf45791bea91fe,,,,2016 Q1
916e3f0e54ac41349f8da721d1ab233a,,,,2017 Q4
a1ef9bf697a440108744e7e236b6e05b,,,,2017 Q3
38c60a8b1136438690a80c3b5a211200,,,,2016 Q4
1859c25e140e4573bdb447a55508ee19,,,,2018 Q1
03659e112e884f38afa963dcb243c6a6,,,,2017 Q4
fa4afa7ddb4241c0b578e35e8a107a6c,,,,2017 Q3
ef0eb362a927490eacc98737c8be50f8,,,,2017 Q3
c59c4fd965a0445fb46982546d4f7e85,,,,2016 Q1
3f23b1c6fdf04e998edf32892e73a604,,,,2018 Q2
8cc34b8f120d49c8bee8473e75b183cf,,,,2018 Q1
37f13b975b2a46639b1d5148bcc08979,,,,2018 Q2
b9106ce88cee435196f0314db1989b63,,,,2016 Q2
c0852430ada44573a218de7c3b92abbe,,,,2015 Q3
9ab72a00dcf34cd1a9e6383c908f5652,,,,2017 Q3
c24ab1ea4d9a4e85971c7708c8cc5d2e,,,,2016 Q3
e789213c809347128dd9fe36a0db7f1a,,,,2017 Q4
bd1887db645549479e247390110b464b,,,,2017 Q3
1b8f65e946354bf481d92ea58caa729e,,,,2016 Q3
beb23fe2d754426b9376449d5668990a,,,,2016 Q2
1b59e70b05e54356af6832ac10eba27e,,,,2018 Q2
26a60b8bdb17403abf9cead05632d0f1,,,,2017 Q1
efc4e7da24314413a228f0dc6651e249,,,,2018 Q2
aa2290ff63b145a19ebc6e86a3719ca7,,,,2017 Q2
58566614c9b3417eb7e64ca4230364d2,,,,2018 Q1
6c295cd6d1574a8c9b417b8ca7305827,,,,2017 Q3
77d39ccc06104bb79334b39f3b230b3c,,,,2017 Q3
e1f1cf94916e455b9c9bbe3efcfc36dd,,,,2018 Q1
7dad548ac52b4e23808b2457bd4a9143,,,,2017 Q3
511d8232e384437b99268226c8a5bb95,,,,2016 Q2
5a2e7b544b5b43e98e6eec69c3e6a21c,,,,2017 Q4
2d34608251f544bab8cc9c888d979037,,,,2016 Q1
fe4e1ca704f5436ab5a213740e855925,,,,2018 Q1
10959e2d58c44e619045135b32b4f255,,,,2017 Q2
222ba48d2c664296a265201b7b7b6089,,,,2015 Q3
47e7f9c17bbe4562b6e85b8136a1c9a0,,,,2016 Q3
28ddc2fd0f9344008828d2fd1d846e24,,,,2016 Q2
a3e1d4763dfd4b44bae6fc219c9b2681,,,,2017 Q4
22588cd5f5e14859b153c7e9221085bd,,,,2016 Q4
62964b89979b4e91b8d33ff7d2cf4e86,,,,2017 Q2
22ada0ed66d34eb19a42463454b9e75c,,,,2018 Q2
dd5193766e734094bdc27005f9433648,,,,2016 Q4
a0cf2983634744b09f7b2a05a85d869a,,,,2017 Q4
ecb5284a1b964eb893e5cf31a93b12bc,,,,2018 Q2
d3f70877b0ad4c909bce4f7960ba0f2c,,,,2017 Q4
912b9f623b9e4b4eb99b6dc919f09a93,,,,2017 Q3
72f26c7826174e8d8426e02ee335f9f9,,,,2017 Q4
4265aed052a445d8a7e72c9ae16b77e0,,,,2017 Q2
56ce169a5a5b47e1b2028c663d3a11eb,,,,2017 Q4
fb53e5301e52408dac5bf1b9366f277a,,,,2018 Q1
10fb6eee170242c1b1ad9fc2299f5485,,,,2018 Q2
ad254435fe7f49ffae09bbfe211ccf78,,,,2016 Q1
ac994f56c4c7421d965105a11bf10795,,,,2016 Q4
accff78e2b0e4698b7ea680e41cea850,,,,2018 Q2
a0eb962745114f9f922b67a17940771a,,,,2018 Q1
cb8d6a9494a641108a1f7f48045e9218,,,,2017 Q4
a3f5094b815843fe9061c37c3ae99406,,,,2014 Q1
663884323bd64c2ea720507e44b1b322,,,,2018 Q2
cc8517a6a22448f6b604fae44ea2bd51,,,,2017 Q4
301bfa0e367041db91e6963c1bde4500,,,,2016 Q3
1b4bf9e26285487f9db6dd6ea0f233d6,,,,2018 Q2
4956e3bb1bb346ed9e6b1a7e08a4ca3a,,,,2016 Q1
e61a24fce42842d092ca35298b5fb94c,,,,2018 Q2
4e8542289655439fad992672ed3392d8,,,,2018 Q1
f5dbbcc3948e43b8975e6ab6664e5bd2,,,,2017 Q3
2e8e627725e649479bf98df3764d085a,,,,2016 Q2
cd546f99686e4615b393eb5a3c20c19d,,,,2018 Q1
70cb9657490647978664229c0fd3ecbf,,,,2017 Q3
bfd771e3110b499cba04282c76701688,,,,2017 Q4
a1823a6fd86b4d88905c5e9339c86db1,,,,2017 Q2
9d3cf2c5c0ab49f98dff4babaa56211a,,,,2018 Q1
99300e5d57214184a8f6486039b9eae8,,,,2018 Q2
30aad290db6a4c198edf5fd4c00c3553,,,,2017 Q4
73b88314a21d4117b72d50a537f8883c,,,,2017 Q3
73fc80ed171440d3b993ad95ca598c94,,,,2018 Q1
ca4208aa39a14308b1a25c91f5db6137,,,,2018 Q2
867c1207f19944cfa45ed38a525d2a1a,,,,2016 Q1
bb6e1c4b0c814c0d95fefd429c608295,,,,2014 Q3
31b08456da224513ac85c76d39df3dc5,,,,2016 Q2
8bf8695026e34614b64f99cc3ebabfea,,,,2016 Q4
43bff596145f4aaba066c31ff63e8a91,,,,2015 Q4
d72b53c63ec747f281c16c1b3f536d72,,,,2017 Q4
681135bb7b08436cb7488c666968993c,,,,2016 Q3
da7a7c0dcfcb41a8acc7864a53cf60fb,,,,2017 Q3
279e4e1e7b5741669a6f382b45ea203f,,,,2016 Q3
4e44f82e6e1f437d9889fbff180e69f2,,,,2017 Q4
a16c2818b2ab4065801b1be1f1fecaf3,,,,2017 Q3
5c88ee3a82f04c4387bafc80311cc038,,,,2016 Q3
14eebb44a86943ba84953d42523855e5,,,,2018 Q3
35ac1273610d47748c93124564f477df,,,,2017 Q1
8109d451a16e4e2690383f084e575a57,,,,2016 Q1
4c5faf98100a4b4d8837c55156439d8e,,,,2015 Q3
03533ca5a4244ca3ac48b9c8ccba8332,,,,2016 Q4
2db09869f648456788b2b7953ca32a35,,,,2018 Q1
9af675b1fa8d47879fd65ac0835c70b8,,,,2018 Q3
e1251ca419a84273a8a974fe61d3c69e,,,,2016 Q2
bb700a9162344956994b2eba35b9f0d9,,,,2017 Q4
7b1e717070724a7c8d5422dd04abf78a,,,,2016 Q2
b9d07d53d8944f4b865990b52e532710,,,,2016 Q3
6745a29fd137422c86b573d1f5c2a9ab,,,,2018 Q2
7c67fa6c747e41b784c0065e240eb3ec,,,,2017 Q2
9c563cf237064fd39cf150e0d386c135,,,,2016 Q1
ae42972c2f1a4c5e911a1d5f2e59bde3,,,,2017 Q2
26982ffe1e974c71bed1036e5ce0c167,,,,2016 Q1
3c67bf028e684c71b3b3dca7a55522fa,,,,2018 Q2
0914283b4a2948d18d7978e28f10ef1f,,,,2018 Q3
2bf7e519dfca407c8287f756717345b9,,,,2017 Q4
a5431e42ade040998067339b7bd2833a,,,,2018 Q2
009d10c2c38a4fd795a7bc6ddbbddb78,,,,2018 Q2
af4919b9f0f04ec889c274703535c746,,,,2018 Q1
f094fae8936e4c38b5bef23428f71961,,,,2017 Q3
6d59a38df44f4ba582b95df14531306b,,,,2016 Q2
c78abf0d352b461dbe40bc500a591491,,,,2016 Q4
8a7ee6531f1043feb0c398b8e4549e41,,,,2016 Q3
1bdb72b74a1c45dfaa55fde628c23580,,,,2017 Q4
a155c47e0f8b40efa3ff1f16112f8f68,,,,2017 Q3
70837cfc2ebd48dba6f92f6c685d88e1,,,,2017 Q3
99cc71b6809a4570b947e65e102f55e4,,,,2018 Q2
0e84f26096b14faa9ee343d703681c38,,,,2018 Q1
9dcaa45110564728b0e43b053c5644f6,,,,2016 Q2
d09c99f76c7d4fbf9fc7ae5c833f3e38,,,,2016 Q4
7c5c8800b9ac44fc9bf8bff7eb2ecb7f,,,,2017 Q3
1c3df5c135b541eb8f5ac99266e78b47,,,,2017 Q1
741345d6824d458d9e9527c7c83befff,,,,2017 Q4
47496e5b63b04a95a8af75620af7949b,,,,2018 Q1
ccec40a018514c05a09dc7cf77ea39f6,,,,2016 Q3
e85fe1d186db4fc3a20fa89867d40237,,,,2017 Q3
1c6374cf326748ba9f05dcdb0bd4381b,,,,2016 Q1
b209f58bcf7e458e889ce5842b8a5e9b,,,,2015 Q1
f0925df3e48047e7a499bb1e92cc2271,,,,2018 Q2
d072aff43dfc4d64a572e871c1872ddb,,,,2015 Q4
116393991ba444a8b21f3e4138318e67,,,,2017 Q3
7b30262eef3d4ea69aa84fa09aee70ed,,,,2017 Q4
fd29f0057d704acab6c6ab0162dc2f6c,,,,2016 Q2
08c7da2729124558865ab2aa17692fba,,,,2016 Q2
b69d33d582fa4ffbbe9f1fd022f24463,,,,2016 Q3
65989c06151f4484b44371715086ed7a,,,,2017 Q4
bd78115dd95f414792666db25ef85f27,,,,2015 Q3
9005b91944a54323993fa61c7cd611f6,,,,2017 Q4
8cded7272788493a8e71cf419722b66a,,,,2016 Q3
3c99b9da98fe465190e624ae69b0234b,,,,2016 Q2
98a0906086e94e4cab5e8b6347a1f5ee,,,,2017 Q4
d1b648a2cfaf43b6b0d1dfecc59b5418,,,,2016 Q4
ad65a262ec514c54b844e2f05ae28916,,,,2017 Q1
7d6a59f524ac4133874049ac68b93bb2,,,,2017 Q1
4b29c7edc4294b5b913708ea4ea2035f,,,,2018 Q2
f7d4ff581bf14af080e491a5a13c071f,,,,2018 Q1
349c817d5ca24c72953948c5180cd3d3,,,,2015 Q3
6c6e608242534d68bc1ad45a2d547080,,,,2016 Q3
4baac02ea84449cf8aa4e734345f0f22,,,,2016 Q3
319826c78dad4e9db01545a5f20a456c,,,,2017 Q4
47abadbaaee341bb88b46de222ba4a39,,,,2017 Q3
5a4053f39a4345d39272565265d471ec,,,,2018 Q2
734a07f3c450454286c2897ab1ab48fa,,,,2017 Q2
edbc758c7c064562bb700298db948853,,,,2017 Q3
4b76b110c65f4132bcc6456be80a8acb,,,,2015 Q2
254f698dcae34b2c890fcadf51bdf3d6,,,,2018 Q2
03ab43c52f3f44e3879910eaf9cd138d,,,,2017 Q4
60f21ab81cbb4bb49ae7df78d3d7935f,,,,2017 Q4
03aaca8d2f4448a0a1a4bc1423b3b45a,,,,2017 Q4
146879f8073243259c32cba0e14c74cd,,,,2018 Q1
dc932ed16bb64de7951e0863fec3f7da,,,,2016 Q3
8e0f512b4278472782bd4e1154cfa3b5,,,,2017 Q2
2db61a3a068147919d840b27ee5b77ef,,,,2016 Q1
93c572a0a4f64636845c2a68aa84ac74,,,,2018 Q1
f26b1197f515468cb0ffe50fea8c1e0b,,,,2017 Q1
c7014f7bc14d428d960f0ab15be98ba1,,,,2018 Q2
ccc4d0442c45440bacce6b03350cf52a,,,,2018 Q3
29de41913def4eb1910b6b0959b216f5,,,,2018 Q2
c65f8c819202456c8b19be061a5f71ad,,,,2016 Q2
c67b107ebbc642549436c9b33e987bff,,,,2018 Q1
5ebaee051289489da4f8c9c63d7b505f,,,,2015 Q4
3a17163978d94fb5bef1ad10a8da5818,,,,2017 Q1
12779c18e3ff4c42ba1f30973d9d4009,,,,2017 Q2
fabefc60ee364eabb634047a2d441e50,,,,2018 Q2
56874b6e64364c7384c7a4f82a8b5266,,,,2018 Q1
ec370a6f13d64a7fa3636c64a4c87781,,,,2016 Q2
f70d70344b9449ebab97431b71c6559b,,,,2015 Q4
dfbbde46bf20495cab5b37d4debaa6d9,,,,2017 Q4
0ed0e522069a41588b0fa35dfcb0fd5e,,,,2017 Q4
3763decc87ac45c0a2dd8d54a9aa7826,,,,2017 Q2
990b543afdc242edab401939688ddfc2,,,,2016 Q4
b3d98037346247bfb88ee5fdef080168,,,,2017 Q4
4a642bb858f94c869d1d7ed89ff4b152,,,,2018 Q1
b854f7297f9e4ecb9d02845941b87479,,,,2017 Q4
1b5ba45f9979429b8eb0454c46724a75,,,,2015 Q3
25e43e5144f8494b9e77c1ee72459b7d,,,,2016 Q1
edf1d100562f48898cb3f4d61e0c1c7f,,,,2017 Q2
d9952c05f5e045b5ae01147bf905bb51,,,,2017 Q4
41b149b89f654dcbbd9906cec1037a37,,,,2015 Q4
67c5378162d84c539292e3264eea8f70,,,,2017 Q3
ea68e3cbe9ad426096b500274ab02a9e,,,,2017 Q4
de6d949f1af74cd9b7176543a579a61d,,,,2017 Q4
333886b0d27746cf89aae5b203b66ba4,,,,2016 Q4
edbde592cd5e4cdea4af81a398866804,,,,2017 Q3
7789a7e2176645daa6f78382698cc587,,,,2017 Q4
d733b649392d44ac9bf43595a4ea6c83,,,,2018 Q2
6b3cad7e250740a185cf6430eef11325,,,,2017 Q2
d83de059930842498e10a1d832ab0f7a,,,,2017 Q4
44ee7090baf5466aa816d356fa832b73,,,,2016 Q3
3b9dc2695b804e1a86b17ec6576965bd,,,,2016 Q2
52d78eee53b94efe8dcb58c9ca3afce5,,,,2016 Q4
fec978ba6c9b4c719dd401cba3a077cb,,,,2017 Q1
b8d0a7b8dfcf46e6ab8a3f4f995a28a4,,,,2018 Q2
4bdef403ee494610ae612c81a87e634f,,,,2017 Q2
6b098efe833b45e49590ec30f64dabe0,,,,2018 Q2
e958c9d183914a008e7920b77f9da36e,,,,2018 Q3
fcdc2cfe8e1e4ef184bada6c84e0d0b9,,,,2018 Q3
48eb3f18d6b5411d90b7dee36741979e,,,,2016 Q3
3a77495843624aeba22214c6f9dca6c2,,,,2018 Q2
ac7651d3f0f24f789ad9b2c16451bafd,,,,2016 Q1
098acf107368478395b52818930d1bbc,,,,2017 Q4
e23c4f41de304fdb9b95c868849f9cd4,,,,2017 Q3
523fa396b537439e811c1b2f6dfaab55,,,,2015 Q4
d3c252891c324c628ce1383487e12492,,,,2017 Q4
4d3857fcab6344aca68ebe2eaffa32c0,,,,2016 Q3
f6a44ddfcecf4184b493489394c6b150,,,,2016 Q4
d082197413c04550b99d1fd1a53eb5c6,,,,2017 Q2
3b9c0f6ce8914161b23a0976c1b4cc38,,,,2017 Q4
13d4cf14f2ce47249b3cfb8a1128a7d1,,,,2018 Q2
6795e88d05b34521b4248c8d014d5609,,,,2017 Q1
356baf68c6264e4b9bde30a17d08c62a,,,,2017 Q3
8e7a22dd150f4ecea1a6be17be1d2381,,,,2017 Q2
4981971670534cb2924bae90ade36125,,,,2017 Q4
506f28f5c45245b9baacf69e35e42cf6,,,,2018 Q2
259049daa72f43b29bba5758db435f9d,,,,2018 Q2
2a06fdb4f40749cb8830973a99e9672a,,,,2015 Q4
ac0ba442fade4e9eb587feb5e408de99,,,,2017 Q2
0c55f7afe6a44b859a2344af100ec3f3,,,,2017 Q2
ab530a4ad78d491aad5ba506b45d35f7,,,,2018 Q2
62dd66d3bb1c4153b6126caa0a9f8235,,,,2017 Q3
80e4d3544687470a81974b67d6dfd7bc,,,,2017 Q3
b3b653c27e1d40139b88c05cedd25000,,,,2016 Q3
8d857a9497b94b83852a5b71568b5781,,,,2015 Q1
037334c596b849cc8f8004e4e663b005,,,,2017 Q2
b972e8204dfa438c852cab3a9f966a5e,,,,2018 Q2
7ee8a34e3f45439695ce127e1d96894c,,,,2017 Q4
f092d429217c4a18a2c326971bbc4b7e,,,,2017 Q2
9b65915d051b405dbc7d81464f943f3d,,,,2017 Q3
e06ce8ddf1c24f588a96bb269bb2601e,,,,2017 Q4
7a0f1a1c10d44463b5c5bf03048e30df,,,,2017 Q3
8548baf4011c4e8b848d19cbe4010cfa,,,,2016 Q1
20c22853b086441682af1fb7867e8381,,,,2016 Q1
20116a389d124791907f093f7d821ad4,,,,2017 Q3
99cae7986957410cb23cebba9054c97b,,,,2016 Q3
4c1ecfb16fab40e49431f48f9d0d3fbf,,,,2016 Q1
13bb9b5a8be748d6ae7ed5ad3ce902a6,,,,2017 Q4
19c41c1e8dc749c0922d4bc1756b24df,,,,2017 Q2
188555b1b0674d40b60c86f91fcd1afd,,,,2015 Q2
4149aac56c0b4732b0329762e50772a2,,,,2018 Q3
59f48fff1cda434b94c1349c9ecc4eda,,,,2017 Q1
55811043f42641c592b33636df6ce68f,,,,2017 Q4
b116182f9e4340289333ba742a1d53a1,,,,2017 Q3
13f008569291473d95738e89ad15345d,,,,2018 Q1
92c64373cec54b3aa85401d0c2134893,,,,2015 Q4
0193c118afe84208b33ffeb1dcb277d8,,,,2018 Q2
f17b345f640d4b2aa68329b81a6139a3,,,,2017 Q3
70d5c21942ec4302b6d83794e92f3a62,,,,2017 Q3
cda8ba00df9e49c3a3a5d318ee4ce9e0,,,,2016 Q1
71dcdf175893482cb9d00762e20939c0,,,,2017 Q4
de7b9f9bf7da44c1a540895e1f875189,,,,2016 Q1
b97d7d26a98e4df5861866ccd493fbb4,,,,2018 Q1
3bfb10e9ca4f4e6292425d16c0c1cff3,,,,2016 Q3
a51f13b1321a4f6ea94788c442a4a6d9,,,,2017 Q3
be5cfa1a3ec24c46847b4ec8cbb039bc,,,,2015 Q3
a478d4a399874c789cbf3b478220fd68,,,,2016 Q4
dfebfdd6cb024279b1f8844476a789d5,,,,2017 Q4
0223ed57fef54575ac0b256937dc68fa,,,,2017 Q2
d7f4f015cefd445ab7010094d63b7ee6,,,,2016 Q2
9990c2cbd54c43589f79191b730612a9,,,,2016 Q3
e97c1954386a4970af65db780360ec50,,,,2018 Q1
29886d76e4264150923c4be1bbe4559a,,,,2017 Q1
3629e20bb15a4d61a1f5bbf9d138c8f4,,,,2017 Q2
05f7979ead604ba1947685f603023b1e,,,,2016 Q2
d20e62e676c24f79a5bc82902dccd44c,,,,2017 Q2
86600e17f95b4584bfd043830d703f0f,,,,2017 Q2
7d73d95883dd470ba1a77593c349b422,,,,2018 Q1
9085ad083d7f4433809dc613de17062f,,,,2016 Q3
9bf243bbdc364f2a8efc698555cfc1d9,,,,2016 Q1
027561a162a54d86b6d45af5071c4d27,,,,2017 Q4
0ddad59124e745d98d38210400400a97,,,,2016 Q3
adf921d115964c47b48679b6fdc397ed,,,,2017 Q3
4c19725ad72e4f03ba46647f72ffe664,,,,2015 Q3
4ea6324f760d40b3bd6b44d660e7bf1c,,,,2017 Q4
6c6fe42e0cf24caea7142531a84d15ca,,,,2018 Q3
e3ae7c08c05341248cbbcd5860544cff,,,,2015 Q4
16ab296128eb4aa6b0aac9368dafcf36,,,,2017 Q3
0637650fd20f4bc2a7b416f44f9383d2,,,,2017 Q1
6b28e0d31bb24ddaaef48c008414d1cd,,,,2017 Q4
8490563e978e4707b584e35ad1d56125,,,,2017 Q4
e6adbf61edaa4da98204c3819b20ca74,,,,2015 Q3
1d4bff5c11bc4b51bb6c8d686b9135e6,,,,2017 Q3
fa0441a827ee4834aac5d92d4fc1ff94,,,,2018 Q1
acbf2ca8dbda4fa2a987c1414c2ae23e,,,,2017 Q4
1b72ba4f73a54e6382f1a5eab5342bdc,,,,2018 Q1
b04ad520e0034a90b22692a292b2418c,,,,2018 Q2
65735fb268014e03be9fd6527140e971,,,,2015 Q3
31eabd0ca6dd480c85dbdcd71dddff38,,,,2016 Q1
1820183da493419599d98809e3308bae,,,,2018 Q1
c18ee5e404f04774a732fdeb41e2f372,,,,2018 Q2
3a793ab870584ccaad845cd2c07db3a5,,,,2017 Q4
d00beaf31d7d4811a9f9be1556c2070d,,,,2016 Q3
4eca422e157f4ad28187fb8e7a7a5bf1,,,,2017 Q3
b5b6575eddbd4e36864298a49b1b8f5f,,,,2016 Q1
b1e18f93038f45c7ae46bd835ac8c9f0,,,,2017 Q4
6379bef5386544d1807046390f445653,,,,2018 Q1
a0b844ea1288468db971d33905f0bb59,,,,2017 Q3
1cea9d080f954162be68dad85af77fb6,,,,2017 Q4
eb59ef472638401fb00a44378b74f57b,,,,2018 Q2
6dc73c7a96a944b3961e68e3776c46c6,,,,2014 Q2
ed652dee45c042cc99eb591f2f210b65,,,,2016 Q2
bad69fdbfd2c48dc9d12b012000dafb6,,,,2018 Q1
0d9b73ed8868407e9fc6537bf08f1610,,,,2014 Q1
b1920fbdbdc64f8db2a435764dcb8501,,,,2014 Q4
85ac3a2ded9c408694e4ab04513265f8,,,,2018 Q2
aaef2ef4d56848d496b6aa61f143f699,,,,2017 Q3
3683407f9b804a4fbe4c1d861592d644,,,,2017 Q3
ed1dc821bebd4d97ae7239ff25d85914,,,,2015 Q3
2971cf5dd52346c08e7d74b179a334c5,,,,2016 Q2
4ac337fb97b547e79435570b32da7688,,,,2017 Q2
cf61dbadb9f840d0bd8fd8ad7d3d26c8,,,,2018 Q1
f287ae5f79c545ad8b07abc656ebd59b,,,,2018 Q2
8e78ecc6a7eb4c06a4a761b17a0e165d,,,,2018 Q1
62d62b276f924bd4a5c2d97a39a68711,,,,2018 Q1
e2bd9012ec07465989eacafdc5fb7450,,,,2015 Q4
e54dd32160dc4ce096d5799d6b2b0930,,,,2017 Q2
458948f0113741a59542de1c18d1f16f,,,,2018 Q3
b709b164f64d4af58d28e601575bf48b,,,,2018 Q2
680fa93d47c14cac99128972256f9265,,,,2017 Q3
ec8130a7e6a742b2ad0a6c7c4cc2fc25,,,,2017 Q3
48dc31ff62de4f1bb18fea349c678851,,,,2017 Q4
e5d17d8549544c19864a9fc8080991c2,,,,2018 Q2
74aeed36262c4e8a833f5ee579b2fcd3,,,,2018 Q2
c73f6f47f67444cba238986e2ea429e1,,,,2017 Q4
39e6a566d6d54b7b844bf7753df3f958,,,,2018 Q3
9cd7a066d2714751a1b082d2892257ef,,,,2017 Q4
b64fdf87a8424569ab616686c1c48641,,,,2017 Q4
76b08a64a5cb4a439c8d5380b9fbb11f,,,,2017 Q2
153cf6a1edbb4495abee2dbcd3888a95,,,,2016 Q1
ef49a544a5a24741b121937d374f0c34,,,,2018 Q1
90eb7527cd1246239be019df93f165bb,,,,2017 Q3
2d6157e5b11646968a5c5062f4fde730,,,,2015 Q4
d5e02fe3c03544e6b476a205643aac92,,,,2017 Q4
635ec8e630f1498f9df91b2ec584c144,,,,2015 Q4
3aaa8852b90d40c79af6e5791e6c87b7,,,,2018 Q1
bdca290345e44bd58c27f88a3c8466c9,,,,2017 Q1
bc7d3d93fced4768b565f7a3d812c331,,,,2015 Q3
437a4ab3109c4deca9291c04b4bfa48f,,,,2017 Q3
1b667a302203459bb846c430ce1b1bba,,,,2017 Q1
c3174ea1e54e493e891c8615885384ce,,,,2017 Q4
21235376597f4d94af106ebba288304c,,,,2015 Q3
dcd1cd7325824551abff5eab7f97a0fe,,,,2016 Q4
cf3470c79dd24e8386b0053fd9b5c33c,,,,2017 Q2
2ea50de315514ccaa5079db4c1ecbc0b,,,,2015 Q4
b7a301df0757469780319173d04a42fb,,,,2018 Q1
a67ec25ff5d347848636367c636362ed,,,,2018 Q1
756096c0cb1c4ae7a86143ba4765a58e,,,,2017 Q3
e580c664a36342a09a98ed49dad43130,,,,2017 Q3
a1402a6f6b7d431c96cd1a238faa6a0c,,,,2016 Q1
3ac3979cdcb24418b4cc8010d2725624,,,,2017 Q3
b9079c08178248a2a3c7409ee65c33a5,,,,2017 Q2
c70d85b0459548ccbcbba921b40ed21c,,,,2016 Q3
14b3c3a8b314464a9daf8354ed6dd560,,,,2017 Q3
823c2c6f40674959920f513ed48a54f2,,,,2017 Q1
ace6a4442ea1445195f2b27a1dc43512,,,,2017 Q4
3d55f046a320408db9a88be59acc19cc,,,,2016 Q3
487f3e1448234687a88019ced64fcf9c,,,,2017 Q1
4713f6c6302741c58dcf928f40b1179f,,,,2016 Q1
6622080e3f134a41b6c5c869b634042b,,,,2018 Q3
70d11cdff70d4e7a9cb5d11cac23a88c,,,,2017 Q4
ea4c546165004ebf99bb9bc951b15ada,,,,2016 Q2
0106d19a26af41288035afc4b9b6c2c2,,,,2016 Q2
39be4bd11a7c4ae7a4cdf42eab5d2192,,,,2018 Q1
b635cc878a1d435faac686ade19d2c43,,,,2017 Q3
4c147fb158cd4bd7abcd9775dd40c5ee,,,,2017 Q3
19d1a0f6f21a4bc4a83b2be6a6ff60ad,,,,2018 Q1
7f34389be79746aea515fb6980602999,,,,2015 Q4
1f8edcea5f434db3b9cb6fe79d80ce80,,,,2017 Q4
39145fee7c1240469a46bf939fb8370c,,,,2018 Q1
1addca86e9834447824e810a4834934a,,,,2016 Q2
b881af3e6e8549bbb8c2dfc4d230af8f,,,,2016 Q2
959eeebd30b44880bb6ea7934d7876fc,,,,2016 Q2
0f947d450cb4409b8084bb342cfc895e,,,,2017 Q2
ecb591a8efae462c9f24f5a36aa4a541,,,,2017 Q4
bd9f24eaac154993acd0c656ca04d58c,,,,2017 Q4
5d587e7ad70c45acb4b338578e16dfdd,,,,2018 Q2
9893136dc7e4493c834bf29d2c90b4b5,,,,2016 Q4
ab11f24759c04a0facd349956aea364f,,,,2018 Q1
da2ceca6f14d44ab94aec06c254435dc,,,,2017 Q3
e271bc8893e04fd2bd70d73127b29d7c,,,,2016 Q3
f0ef63b28f2540fe811b8d9935ec61f5,,,,2015 Q3
73614a26789a49daa79dcc26664c1b72,,,,2017 Q4
2db5a3aee6e1416dbc9c90cc41e30342,,,,2016 Q4
631b3ebd660243df8069c49d4c37f836,,,,2016 Q2
a1dbe018487941de84770ee75729c014,,,,2016 Q3
640ba8b8068043abb9c6778f8c671950,,,,2017 Q3
fbbdb729d8694f48993e3af217b69a19,,,,2016 Q4
72a82722020446ff8ccfb25825a048ff,,,,2016 Q3
0e16e7aec2f5499999439990a56e2ddd,,,,2017 Q4
2d89a01a8c14465ea44f7167ead0811c,,,,2015 Q3
e4c54d2577784732be86db6ca9692e9c,,,,2018 Q2
6d8add6a25974650b5f03c781d172314,,,,2016 Q1
c9ca9319c2fb451e998ad6325bcac419,,,,2017 Q4
24ed163d8e0d467fb01eda3d6fd78528,,,,2013 Q3
fc3444ae44044a218e160522f7de8d8d,,,,2018 Q1
d78f91c4f4c149968de04369adc5c4d5,,,,2018 Q2
bdb10049fb154a558df75400bf32afcc,,,,2015 Q4
31d6a951d92b407fa8fa127aa0bf0e7e,,,,2017 Q2
9b7880f5980b4df8bc3d3a7f895f6174,,,,2016 Q4
d3eff45e6f15467a9a89f236f2264d61,,,,2015 Q4
50d35e3fd33b472791c6cb08e62fadbf,,,,2017 Q4
f5c27c06d9e04d3281ae92323f98d3d7,,,,2018 Q2
cc9cc688903c431e8fa18db43ea4cb3b,,,,2017 Q4
264fdf78a4f240bd981b122ee31a9e2d,,,,2017 Q3
d786de82599f491c8f57abc3a166819d,,,,2015 Q3
8f357eea66dd47e7ae3f5c59024f391c,,,,2018 Q1
73c1ea7bacde40a294d66d4be891cc21,,,,2018 Q2
04c769db13764e6784ecd8e3fc25e207,,,,2017 Q3
e663954f1ef84059addf01061b9ed576,,,,2017 Q1
c2a9b079816a46e79664ae0fe5858167,,,,2017 Q1
1bfe13d2453c4185a6486c6817e0d568,,,,2015 Q3
1184d2054c9c44c9adea0068d8bdd508,,,,2015 Q4
acbcfbb35f8b4842924d1f6f0021c75e,,,,2018 Q2
0f9b11a3bcde4537aab7f8560460096d,,,,2018 Q2
b563a1c0de4742a39825b80a3d068edb,,,,2017 Q3
3bc207e9e6094bac989a24489c370765,,,,2015 Q3
faf571cbb7ea463bbf160a1d2e8b4652,,,,2016 Q2
51e96c98377740eba8cd99acf4962b11,,,,2018 Q1
53c2245d35e74b6d943f984281985f07,,,,2016 Q4
a6e47aca03fa4d22819b604e5d9767f3,,,,2018 Q2
bfbb2bd21f3c41488c7f80b70abffaab,,,,2016 Q3
2f99a66263ba4f9ca0451bd2aee07c63,,,,2015 Q3
a9c89c0882154db68a99adcf81eac27e,,,,2018 Q2
9c74d4f8a51346d284244ea2e01a7f14,,,,2017 Q2
3f485c1653a24d879f5e57a1e33e0b99,,,,2018 Q2
31bf20236dda4f92b15153c439352a25,,,,2018 Q2
ba4804df03434481aa9c462bf862e452,,,,2018 Q2
1e969272f7ec4bb7b66337659c63b309,,,,2017 Q4
676bfe9f45fc438380595f3851b507a7,,,,2018 Q2
b82684c4183e46028854b30de1c3931f,,,,2016 Q3
f49f313a4a434c1fa4cfec2a78416f5b,,,,2017 Q3
c65086b345504ed398ffa2ed28e13d51,,,,2017 Q4
37c436d96cab41a989b7ef421817c3e9,,,,2018 Q1
85ba695920eb4109ab70f17385ed590d,,,,2017 Q2
2827bcfdcb7647c3bef3f6dac65510fb,,,,2017 Q3
84ddf964f6e3463dbf3fee327271020f,,,,2016 Q3
faa54e7c75cb4893a6f5adf246826830,,,,2017 Q3
7cd76249602d4423b9f7a30d26bb0637,,,,2016 Q1
dcaa296e94ea4a6fb08347bd4e0bd35c,,,,2017 Q3
aade42d4728748d5b913c25b2a11124d,,,,2015 Q3
fe1122a36f5e462f82d489c65609408b,,,,2016 Q1
5135913f61fa4f15b35c45c01ab9fab3,,,,2016 Q1
3875346b26564dca901b59e88ec5b5a5,,,,2017 Q1
28cded7dcbaf492f8b61b7ff56348b34,,,,2015 Q4
99b4441ad4854f8bacafdf641eeadc7f,,,,2016 Q4
763fec6028f044a0ad4d5864b32cef46,,,,2017 Q4
1365260bd9584dd49b91e6b650915e7e,,,,2018 Q1
b9f6572096dc47a5bb427f9957909735,,,,2017 Q3
649b354e168c4a0a9dfaad9770f97f29,,,,2018 Q1
72d7b9fa3b144cb488b079ac6aa9593f,,,,2015 Q3
6931b2e538b840ed9da1e7fb31c1921d,,,,2016 Q3
999338157fd54f639b089cef0038e06a,,,,2018 Q1
5532c646415b468c8c12e837f3a908e1,,,,2016 Q1
def0d82517df47a38cb602a587426d63,,,,2017 Q3
991386e4c20041428093919ed3c8f2ba,,,,2018 Q2
690deebf33ba4269a28a33698417007d,,,,2018 Q2
3b15fc09f2294913802251fe9b5d3982,,,,2017 Q4
b6698b7f69fa401b8e9c0d306e6feff9,,,,2018 Q2
8b2f2e39490040d5b8b5632ed9cc849d,,,,2018 Q1
c4e840f6afb043a99781ce5a55cab241,,,,2013 Q4
717f8ad897cb4d5fb513155a19e1bcc2,,,,2016 Q4
b051e72ad670468a97045248952e3b49,,,,2018 Q1
cee500696e6d422ab8e6d601dacaaaa8,,,,2018 Q1
e3d502f1c7264d58bf8dcb864360970b,,,,2017 Q3
2f0882cf6b52466c9f6a39aeb568704c,,,,2017 Q4
c77659a28bf84aaa95b1ca4bbb2b56d0,,,,2017 Q1
360e618ae997467facebe048c2cbb8e0,,,,2018 Q1
7a1eda9ab570490688846e6866d001b5,,,,2017 Q4
ed05efcd8e7a49ef835fa6c1c29247a4,,,,2016 Q1
2025ca2bf1d44eb7ab56cda9f6c52db8,,,,2017 Q4
950db5a5bd404790ae659a5362d5e8c6,,,,2018 Q2
bc88b91f550e4f919f0f36ed5c889d2f,,,,2018 Q2
a0a2329e4e9f439d8ed9f6a022806421,,,,2018 Q2
2417aac9e1fe4d398783f319a29bd5be,,,,2018 Q2
cb52720b765541b39caa1b7401efcb6e,,,,2016 Q3
cc59216feb104537985779fdcd175197,,,,2017 Q3
dacf98c8c33a41cb8594133ce622199c,,,,2017 Q4
01e91c5bc14148b2a4de0ce819e4c500,,,,2017 Q2
cc961a6ad5dd43008e8e6a17d65604ea,,,,2016 Q4
fc97abd51e2d4c1ab6f42676aba3583d,,,,2016 Q2
6b561a0e033d41ddbcc559505e50f6fd,,,,2017 Q2
21352f8c1ebe43feb6f647ce319c19e3,,,,2018 Q1
0c96e5392702403b8db72f8781784abe,,,,2018 Q3
4e22b76b899443baa4999b85cbdcec21,,,,2017 Q3
e8455f1620994465a0d8e590dfe8f9c5,,,,2017 Q3
b51ff766c190452790e95b8066264e80,,,,2018 Q2
eeed22e7944b4eacb50866dc064a0f1d,,,,2015 Q4
54aa758fd0fd41c681dee0744ce34f14,,,,2017 Q4
6e71d501eaa34b1b9d823a50a8284ece,,,,2018 Q2
cef650e03a4f43f7ace1747ce2d34a76,,,,2018 Q1
5db2207d5a194b81b986f37107ef63f7,,,,2017 Q4
a63cacafb3d24dca87a5d86d88a13dd7,,,,2016 Q3
21a2ab1c45bb487d8cd7d4265337e287,,,,2017 Q4
87938e5b7c724a29aed1057ae7aa02bb,,,,2018 Q1
23662b3a42f64b17a19111b49bfebd71,,,,2016 Q3
51a4af0580924c0ea6f5cab46c5154ce,,,,2018 Q2
43a31114ca23410e9b13e09ef9263cf4,,,,2016 Q1
a4203c74650c4942927d4d82f00688d6,,,,2017 Q4
9a57286ccc1b411fbed27247503dc1a5,,,,2017 Q2
cafb4a8e15954efc83973d2607e5b66a,,,,2016 Q1
b447ba6643bb49a585413cae3fb30a3f,,,,2016 Q3
b2dac65b914c4e8daf79d00e8da11f90,,,,2016 Q4
b027423ac3f44c6f9cafc028233fc993,,,,2015 Q4
abaae4fc298b48dd916955fb6e51f5d1,,,,2016 Q4
189c743e2b444c45a06c29c07ac9c47b,,,,2017 Q3
724384e51b674088ad22a0ed69405c02,,,,2016 Q2
101cb7cd41fb4aca81bc57af7c61b9ac,,,,2017 Q2
df92bed816f64d2a812de2cd812a4656,,,,2018 Q1
fe27dce549754253948b81514d2408fd,,,,2017 Q3
c0bd78afa1dc4ab6a0e937465fca7e6b,,,,2017 Q1
c32383e2722546dda6014d870ee24775,,,,2018 Q1
06f7365ea14649b4a54935bd2fa6f5e3,,,,2016 Q2
f18e0f9ab7074feb88615a5534b1d8f2,,,,2018 Q2
a855e5bfef6f4faca5399b09e613db19,,,,2017 Q1
f332bf90ca5a4029afcb298a02ca7ad3,,,,2015 Q4
279318c88a9e451084f9c59a827f21a7,,,,2015 Q4
116b28e2983c44039eb8b20292742c94,,,,2018 Q2
d16403ad52be42c18ac748776dad8b17,,,,2017 Q1
928bb18c19d14eda9eea213a4ec94360,,,,2018 Q1
4363de49f81748e8979fe15f072765b3,,,,2017 Q1
8c20d3c8e4ef4ad997923937a2637851,,,,2016 Q2
169bbd7e0d224a4aa056495c8629dd0b,,,,2016 Q2
8b12ab28bd434453aeafd30fe6dfd7c1,,,,2017 Q4
6ceaadc496204beb883e5fd9e2da7ae7,,,,2018 Q1
4f02999a3969418f9d5a5f0e26da560f,,,,2015 Q3
0c2f0f0606384933a1d47dcc022bee2e,,,,2017 Q3
7440289df83149598c81f89fdcc9c51c,,,,2015 Q3
37ca07481c124d98ac1eaca5ee1f4146,,,,2017 Q2
c0fcc9ca74a74f448cb2f12de0ef3919,,,,2016 Q1
8325ee2e90034acc83c5aa607b47d5d9,,,,2018 Q1
8778b4fe9ab94f04888cbac6b883b406,,,,2018 Q2
81c0582ea9ba4d8ca9ef401031694569,,,,2018 Q1
9b0f5580dcd8430db0dcac0f1dca723c,,,,2017 Q4
2bc488b1838449ebb5550f7772483a4a,,,,2017 Q4
44bc885489ce416cb560bba9b4b23d0e,,,,2016 Q1
59557495e3524b08ba670f8d93b1d51a,,,,2017 Q4
bbac698d05484da5930ea209dda9c087,,,,2018 Q2
1b0aefbe38e04590808dc375e92387ce,,,,2018 Q2
02d2c404f19440ff9038c0d60a695cbd,,,,2017 Q3
1d02e70963a6471c9fe05962b0766d32,,,,2017 Q1
ce8b82092e674393ba1c9a03f30d4551,,,,2017 Q1
33f539b4b48e4122b8167955dac0a21f,,,,2017 Q4
5b1d549a82fe4688857a5cdaed83d5a1,,,,2017 Q3
aef581890b724d55bb806394eb7e76e7,,,,2017 Q2
ee774ac3e943426393dcc219afde60de,,,,2016 Q1
0100dbd4e8554aa69b73b6ac0547f6bf,,,,2017 Q4
92672133d37c4d9ca17e23d40f870017,,,,2015 Q4
733a911a89674d74875a2f6940b0e4ef,,,,2015 Q2
856a6b35bd6d428591546ccea00cfb29,,,,2018 Q1
092e0c1da23a48f3bc18627d390e83d5,,,,2016 Q4
a1fecde30e6842178763eaabe1d77b2d,,,,2017 Q3
193c5e1694774171aed21630226e1147,,,,2016 Q4
6c489cb73b4e4241bd292ba332e2ee8c,,,,2017 Q2
a92ee1678a77410cad6f44a6a7391ec9,,,,2017 Q3
c25ea74fdfce45d990fb4c03e80d008e,,,,2018 Q2
76fb5110d9f44265b3d9b5d9aebe1573,,,,2018 Q1
4e1f3f2727bd4a2bbb3df5cf70d21a74,,,,2017 Q2
cd7285b50d5249918fcd7ddfbbc033ea,,,,2015 Q4
905de0fd4a18487bac15b2d95f2c1e3d,,,,2017 Q3
cc70814cda714d2681da3d39a3a817b5,,,,2016 Q4
4078608e9fe649918845fdb162bdb094,,,,2018 Q1
e754520250894679afdc4697d60938c6,,,,2018 Q2
4154541659f94da3a2e359cd419f8b33,,,,2016 Q3
ff10813b5b234830a6c2a43ac7ae765e,,,,2018 Q1
864cf7e991de4c7eb39c3f2936342bb9,,,,2017 Q4
ae0e47bc419940d68686ae364e73212b,,,,2017 Q1
45f37b268a36476ea205bed02a7ecf17,,,,2017 Q4
c5ecd92a7d1f442fb098df6d6ab8a3e5,,,,2016 Q2
058815f9957648d5ade6e9f8643e5e0a,,,,2018 Q3
c006941260674255b5b74fe2d6bdb217,,,,2015 Q4
72ec58372b764a4f96de1ea69a823ef7,,,,2018 Q2
6509fcdc07524a27ad833731d097fd04,,,,2014 Q3
072290a7410e49d3a1e45a89c92c58f3,,,,2018 Q1
815e75930aed488cb61d56afb4627457,,,,2017 Q3
970d5bbecdf4439caad43284bce5cb60,,,,2017 Q4
0c568217dc7d47ca936b567f8a22588f,,,,2018 Q2
c99a06c81f8540b49cb6a66719ea62dc,,,,2016 Q4
bbef9db2011e494ba7df025a9817f44d,,,,2016 Q4
e376f68b370949c8b4eb3829e28f46ae,,,,2017 Q3
c78715809ceb4ff28855143c707c75b7,,,,2017 Q2
d1a98d3953d8484286bf024fec8464b4,,,,2015 Q3
7783eafc2596499abe578b5c6032a785,,,,2017 Q4
3c10ab432bde490f8bc2d294eb220e60,,,,2016 Q1
0c2b6d3f0ec041e0b3ff7bca40fd57c1,,,,2018 Q2
67d07ddc731f420ead3ee2ff451b72ad,,,,2018 Q2
b977a6076c4d4af6a83176a9f0be9169,,,,2018 Q2
d0a70db109564df1be5f0cfcf3296642,,,,2017 Q2
fa4b08b07db44bb9a1bc8dbf1d0c9dc2,,,,2017 Q4
8d0222afd15e4107b591494ea69714f7,,,,2017 Q1
5e911bd98a2c4d5d80e2b583a9ad3095,,,,2018 Q2
757230e7cc8a4c4797e5027dd12b46f6,,,,2016 Q1
7a7814117ff74dc797131e9d24287b72,,,,2015 Q3
2f55fd614ef64ce8b9dd7e769a1931ef,,,,2018 Q1
05929d20f3c24ffe90b919936b714dc1,,,,2016 Q4
4767eab256df42928fad7cf899c2cc15,,,,2017 Q4
cb351d3c1d3647a8bb6da47ae25d33c0,,,,2016 Q4
da06c4058ee84b549216387bb1ed1adb,,,,2016 Q1
e6e82c8a1fdc47a3b3ce99bd74d9c937,,,,2015 Q3
cc92218e84a0477eb5dfa2433f1317ba,,,,2018 Q2
6312a8be2d0b41ccb5aafff9eeefd71b,,,,2016 Q1
200a4da6dfc341c8940291b10292526e,,,,2017 Q2
afdacfb08f81438599f1b8bf44ad979e,,,,2018 Q1
f9774a27b8784133a7afbb234d4fb08f,,,,2017 Q4
7f4e982a72f14c619d2c4e29b1ec9806,,,,2017 Q3
75f49e85136b4cca9ea20521d183c9e9,,,,2017 Q4
333ae65399aa492792fe00d795f2230d,,,,2018 Q1
80d797b106e34d9a9e9538e4169646f6,,,,2016 Q4
1dc3755f202d4c3789d29084729acad0,,,,2016 Q1
f3e6c94802844ef3bc919947f2c6ca54,,,,2016 Q1
db7dbb23f1ba4e568a53e2952056925b,,,,2016 Q3
c29e68ee544a49ecac9fc082c61abd3f,,,,2018 Q1
b27ee195759a4d16a2f503c3ae3d40ae,,,,2015 Q4
4b4a8aca9fce44789629a33718a4544c,,,,2016 Q2
6dfc5d41942e4d078b6971f7c85c31d1,,,,2016 Q1
703129cecd9041f2906320c392606bc4,,,,2017 Q1
71d9a96b20854903a5a393415ca43c6a,,,,2017 Q4
6e7a4ed8cccc4344a26fd66b5734141d,,,,2016 Q3
f9007a7d6a2742908b93fe151311e205,,,,2017 Q4
d957fa9d6d324b978d99cef8b3bfa9fc,,,,2017 Q3
1f69a55fd38841e2ac2f092288efe8ff,,,,2016 Q3
412b0e6652aa497ab9925526c98510f1,,,,2017 Q2
233145afbbf9433599ed804197970a81,,,,2016 Q3
a81cdbb246a34a9b86da98b70fc0454f,,,,2017 Q2
dc6bff5a2cb840b09d6a3bbf0f3da9b6,,,,2015 Q3
455d955f7c364290bd59e0c67f422324,,,,2017 Q4
93f42414bddb4704b04bfe0aec55f0af,,,,2016 Q4
86becbd667a94db3a3dee0854470de7c,,,,2018 Q1
78911ab304e6496585ea2c8f4b1c7a0a,,,,2018 Q1
5e8215fcf444409c9acbbb2ebdc2e392,,,,2018 Q2
977674731e48466dbb0f5c7233952102,,,,2016 Q2
bfb3fd4706764ef6b0f86d9b5f851414,,,,2017 Q4
5aea02861ebc45f5992f8decd1086d38,,,,2017 Q4
0726974d41e5448ebdbb441f00df925f,,,,2018 Q1
8dcbd64b4c664b5da20e8203ca26486c,,,,2017 Q4
c48c23ad5e914e2cb4e66661f83886bf,,,,2017 Q3
1c28b1041b4a4b06bfb1d2bfd4ef075b,,,,2016 Q3
974426519c1f4e6e876a7bffeec78254,,,,2017 Q3
59bbc63953ea4b9697cc4f00e5851612,,,,2018 Q3
95e1989381514c7bb26c6bd8c469beed,,,,2017 Q1
600c69629916471daa0a5ca79d75b654,,,,2016 Q3
a126d354276d4b37b32b8f2ddac3235f,,,,2016 Q2
7a1b359ee2bc44818d7d21304973d4c8,,,,2017 Q4
c2938f6da5f047658f1a6500e86b20b4,,,,2018 Q2
3dad85aa966e43e8ab04f01332a748e8,,,,2018 Q2
46c03cc2bbfc4489a3f07d71c852bc9a,,,,2017 Q3
0b363865b7574d8d947b56a574745bbd,,,,2017 Q3
8a315401afe44e9c9fc99ba05e4d4889,,,,2015 Q3
8943aa83de86432c967210e709779cc4,,,,2016 Q1
c13cd223575f47ff8fa7f53bd99b5cd8,,,,2017 Q3
794bd333e1c4441eafc03354fe9f5836,,,,2017 Q4
7d680b5335db412f82434247a682b727,,,,2015 Q4
2f786c7fa8914c9d881dd68af7cfb906,,,,2018 Q3
b27d2fa204ad4855914bb1bf678da11a,,,,2015 Q4
728f60168a004d65bfd2dfd5f8f8ccd8,,,,2017 Q2
c53e98bd3d794b72b466a8d4634448ee,,,,2017 Q4
35b492fc36c949fb918c4c426e61ae39,,,,2018 Q1
59ce6d45fab34738a238bd826cda210e,,,,2016 Q1
c9486068f235430685ccfbeb1e0525d6,,,,2016 Q1
db74273ffdf447aaa1deb392f3c95e29,,,,2017 Q4
da52d3c984984a5d842acbcb73f0fca5,,,,2016 Q3
f3fc3610d0494dfabc8bf0eb9a15afe5,,,,2017 Q3
9b2ec72a4ee04bb1bbf360642f22e7d3,,,,2016 Q3
2501ffd88b2b44d28810e3c3387fbcca,,,,2017 Q2
b26d1d48ab8c4ca7b68488340093d2ec,,,,2017 Q1
37e4b2119d754558bebf92f3a06b9650,,,,2016 Q3
964c98dc94fb4887a6843cafa5041dd7,,,,2015 Q4
4d0f1506ae6b494f8bf11d4ddc700fca,,,,2015 Q4
8169650c51c844c88dd0b5f037e278bc,,,,2016 Q1
020c2d7b3d1b4d24b9502626b2d7ef46,,,,2016 Q1
5fe4b33c135b4f96a0eb6f1183758cdc,,,,2018 Q2
84545eb7824b4aaa822bae2e5e6cecaa,,,,2015 Q3
e6af8105efee45bfa81e38fe55201d1c,,,,2015 Q4
8b3e8a3f563347e49c139b4469889c62,,,,2017 Q4
cd32befc26c54f14a43790c6066ba231,,,,2018 Q2
99cbd67a0475439eb62b01c777f4c5f4,,,,2015 Q3
7fdff5bc0f6c4df99a22b893372df102,,,,2015 Q4
02f77bb76ed14d28a05e23b3e00aeb9b,,,,2018 Q1
36ee9d2930c14d8c85f7a01a56001713,,,,2017 Q3
9fc5a31838584848a44d24e78fe870a9,,,,2016 Q3
10c909b814ab476ab3ba5668d63ed3a1,,,,2018 Q2
d6df308b05364b2b9ed238bbf838b3d3,,,,2018 Q3
6e2e60cbf97448c9ae499babe8d3d769,,,,2018 Q1
4ae9b46319004a23b84a545a7f6a568c,,,,2016 Q2
aa85d9108050430886b7cdf7d2f3de1f,,,,2017 Q3
33bc805e7baf4d3098211b05621d3022,,,,2016 Q4
922df90b9d774bd59b64469bbb9d47d7,,,,2016 Q4
db7093f9994f438ba01ffdc8f70b69e0,,,,2017 Q4
394bb4dab27c47fbb08c6dc2912e88b8,,,,2016 Q1
4f2a9737b0eb49389b1936cc179cae56,,,,2017 Q4
94882c9b21b24d7fb2c3c0bdf2ae34f8,,,,2015 Q3
6fb2a442ccb44db9a4deb57f00a1fa7e,,,,2017 Q3
2a6c8914794648898105621376394cc2,,,,2018 Q1
8ad1a146702e4cddac2619fc67690096,,,,2015 Q3
8bafff02fd574a7d8abe2d548a1b01a0,,,,2017 Q3
919fd37f06054f548f34da7cb110eef6,,,,2017 Q4
d39e704f67fd4b9f98b83b0ed422ef6c,,,,2018 Q2
5c42c4ebc76543dab1c3791784a251ba,,,,2015 Q3
8418c2bf54904a75a0af4628eb0e1c44,,,,2015 Q4
07d5af069ead41e9994707b6caf0312a,,,,2015 Q4
84d32c85c84944068fa31aad35829406,,,,2018 Q1
ef4ba06a65bb4dd19abc8dcb53b70a49,,,,2017 Q3
2dc7fa1c3547421f8e4792839348bb81,,,,2018 Q1
4004ab48104f402aa580c53b4d09d9dd,,,,2016 Q4
566d06e7dfea40d7b0db51a5898895d2,,,,2018 Q3
8665d22978b14ce1954f4b373138f0a3,,,,2016 Q3
1d9437edaf764ab496b37cc90fcf6a0e,,,,2017 Q1
660f89d83896499c8d76cc429c097a65,,,,2018 Q2
929e792faa2f4cea8d0a820ee7430ec9,,,,2018 Q2
e939b759b0fc46c5a10563315f01d91e,,,,2017 Q1
fc5c03ed88994b60bff2839cc428c313,,,,2017 Q3
9f7010200826477d93a4a8e496cc2bc0,,,,2017 Q1
727a6854adcc4bfd8fa07874e6398fe5,,,,2017 Q2
e50fca3eef0e47a2977b018ab767951a,,,,2015 Q3
3964c9d017984279866a8496b9cd2156,,,,2013 Q4
1314cb7b712649af9acf1ac19aadd267,,,,2017 Q4
2ca26dc17c8644118f094f0c0e887e65,,,,2017 Q3
5b5449454f7842e3b0e8993012278079,,,,2017 Q4
4d72f75250a141dabf04ec46ad021322,,,,2015 Q4
ba64a196c31740debce4eeca69c84d98,,,,2015 Q3
6a9185d936ce42d68d9e50e2366c735b,,,,2017 Q3
e617d169516f42a7b7d01273a0eb0946,,,,2018 Q2
27ba8ac89a484a7fa6e7f5f2e97e3958,,,,2016 Q4
45b7a172ef3e48d6b76ed759f07a3734,,,,2016 Q1
aa3960d0d49f49daa8e022634d42c75f,,,,2016 Q2
4dce174eaba74a7f8a11dd14f71481b3,,,,2018 Q2
f3f85e5b209a4a1d9ff9dad77c154378,,,,2015 Q4
32eb794b02e2405abcfd9a8a71eccb8d,,,,2015 Q3
8b7aa17a27a940558bf3c4da44f0cb00,,,,2017 Q2
3f935f28934b4151b6b7aadcb10c7a2b,,,,2015 Q4
1a56f12f57914c99a5df8e7567e552ef,,,,2016 Q1
9f8dd6b5fbb6414fa71eb213e8c03bfc,,,,2018 Q2
be8ce8ad597f4737af9c7ec97ab233ff,,,,2017 Q3
21e74285eb374f9fbd67a0db379bbca4,,,,2018 Q2
c5c11d1cab5846049624f89ef43e3200,,,,2016 Q2
47bc79bf0914408b9c1439c2f55f6616,,,,2017 Q3
f0f10e521acb43febb2049132cda64e1,,,,2017 Q2
1f99fa0f7d48410e9445aeb509db2d18,,,,2016 Q2
4a7ad5e4af5c479d8f752092c85b9fc2,,,,2016 Q2
1d62e4d00ea746fb9db2ce3a38f4794b,,,,2018 Q2
953d9e44fa3b46e788a540a26ec7eeec,,,,2015 Q4
9cbf831239914565aebb4495c0abecf8,,,,2017 Q3
a7642f0b16db485a84d4a8a11dc8ade3,,,,2017 Q4
546ce705bc3d48b7a8992a37bd3d53e9,,,,2016 Q4
f92a82f8423a449a8d5fd1c3b4b696c5,,,,2016 Q4
71d5e7688c8b4feab78554691c12c9a9,,,,2016 Q2
7e8485c281ca423bbd8da3086532f1eb,,,,2015 Q4
53240b77536a401d9f7a507325ac731f,,,,2016 Q1
08f9f15c18064a80b9ee82256bafd697,,,,2015 Q3
c228f71dd3b44b7f9ccf58c642b8a701,,,,2017 Q2
0d4bc2b53dcf4489bffe55c3a32adf1f,,,,2016 Q2
82358d808d0d4f19b1d3dcbcb0c16cb1,,,,2017 Q3
7bdde8f906304a2f8c497f9d7474d8bd,,,,2018 Q1
06277465ef3145f28b6e15acb4a948b6,,,,2016 Q1
2a3a4c2372184141a1532f394d669004,,,,2017 Q1
11272c6ccf0c40fb8b30a88711a57bf5,,,,2016 Q2
3844dc1e0a3c4ecab579b8f8148d2c17,,,,2017 Q4
fb94c0d3247b41adb00d6a46b4603fe8,,,,2018 Q2
2e5e0dec6ec6427b965e755be45261ac,,,,2017 Q1
a1b9e86542dc4136a522c254616dfa6e,,,,2016 Q2
08fee0daaf174feb9944aecc99461d2f,,,,2017 Q3
125562e434cd48fd9297a5f67111d5ce,,,,2016 Q1
659205cbe3a848e3a18e4ff1c65e5f91,,,,2015 Q4
faeded6115f34aa6a608b2cbe7b6f39b,,,,2018 Q1
66b825b7056f4d369db6a31d0d2fcf4c,,,,2016 Q4
df78c2a9a10947ea8069655d46e86e95,,,,2018 Q1
1bdbca24f6f04fd58ae5343f0691a129,,,,2017 Q4
51bceaa7ea2f450cb27e841aa9afcf02,,,,2016 Q2
36ef13fb138a429a83c9276fa6a6f507,,,,2017 Q3
72f255406ed240f9802df9093052e8f6,,,,2018 Q3
6b5a3adf29cc4c07ad045027b0105b44,,,,2018 Q2
adb0e6f8e45d42c983c7afef1bf970c1,,,,2016 Q4
472443e4fc37453eb4942f85a6ff65f6,,,,2016 Q2
a0c9c2d90596405b9d17fe1a9e24a954,,,,2018 Q2
e7c667078aed43f5bb33b96d22c0fce0,,,,2016 Q1
cf0db5d5f1f14a44a953df62cd9713e5,,,,2018 Q3
7e5c724d4f5b42bcb53adda50b7a6dab,,,,2017 Q2
f3fd1aa25b3248c1a0fcd3299562cd65,,,,2016 Q2
c42883ead2d0413298e204d4643cb64b,,,,2015 Q3
95d0334b42b64eda80ecb98f3dc7fc77,,,,2017 Q4
3d0d7375e73a4938a9ab6a6a2e884ec4,,,,2017 Q1
834475cf0b65466584631c77eba7fca7,,,,2018 Q2
3df2d3180bcd4876a3abb7035a3bcb5d,,,,2017 Q4
542c41f5afc049e7ae7d4721ace9d286,,,,2018 Q2
dda231a70a21494da0f8358314cd9571,,,,2016 Q2
57a61bd83da2490ca30d37c19460c1e6,,,,2017 Q1
1a4dd2d3c7a54ad68bb0e067220ef4b9,,,,2016 Q3
884e591b217642cda0f8d69eda127a5f,,,,2017 Q3
8b298b81838242ea9a92b16d8bc5d068,,,,2016 Q4
37e765f48ac840a4b6de70c953d6576f,,,,2018 Q1
4c6f06b22b6043528d1f194fd5c539f7,,,,2018 Q2
bae1ea0e87214a9fbc58d71c7062448c,,,,2017 Q3
762d9c38dc864c41ba2879c444c97f7d,,,,2017 Q3
d9d1c595b0ce4da695e96312369e5c4c,,,,2016 Q2
482bfde0e0bb47d7bc5f4c45b8a892d0,,,,2015 Q4
2a8bd6f5abe44e26a6b1ef04cf777f4f,,,,2017 Q1
da47c4418d464beb8fcd91c25d143d5b,,,,2017 Q4
8fd1b23ea1874f6d9b1f3b2bf0024cb0,,,,2018 Q1
5ae36f912be1492199ec2da838cc6dda,,,,2015 Q4
7882ad2a6cd44b6796c4e6eaffc40eb4,,,,2017 Q3
056b230b94304920a5c289974acaeb0c,,,,2017 Q3
a7732c8e10e843b18bc7765cdc3a836c,,,,2017 Q3
4e458fc73b004f6896bafd3f7265d0ce,,,,2016 Q3
63e6ddd860d74724af5f476f8a3882ab,,,,2018 Q2
a2c2d33befb94372833451fdd0820148,,,,2018 Q1
a3f32a88c02848d9973a701888877ef8,,,,2016 Q3
4002a1ee12b846c8aa9230fccff3f59a,,,,2016 Q1
7028c194e0f443829e3049a584abd56a,,,,2017 Q3
326f27f638d14215b3429a0636cc37f9,,,,2017 Q3
c3e36389d78348d18458eafd6f35bc1c,,,,2016 Q1
c2bcdddddd2b4353a4751db78912a760,,,,2017 Q1
f8fa92e65bec4d51b35ceab6d863259e,,,,2015 Q1
ea796e04a85942e3a77985ed1f9a1940,,,,2017 Q2
2c0f3100a6ae4906959044a50c9fe641,,,,2016 Q2
10ed1b85c9614852916a00c155fdaa08,,,,2015 Q4
5709166b8a4f46d0bc32db8b85e2d6fb,,,,2016 Q2
5fabddadf9df43c3a41e4f58cc797fd4,,,,2016 Q4
136a0b14cb2c42faa5a7492eb43480c5,,,,2016 Q1
f2b3ad312ea343f483ea8a3db41b3a47,,,,2016 Q2
85d6790868c146b8a3a9c0e9ba07d6b1,,,,2017 Q4
683537f4b0f84e52bb4781d544da9070,,,,2016 Q2
128c0040b8d34587970e1cbbf60f5cc0,,,,2016 Q1
2ee4c9f11e4d4b34b7c038ec1f251148,,,,2016 Q4
36ca38ce449645fcacc6fe0465010d64,,,,2017 Q3
22990d835a0f4be28c3a7f0179cd39f0,,,,2017 Q4
e9ea9187fd4a41f59531f59dd3a511e3,,,,2014 Q1
5d2b8131ed9847c4b6606c534aef7ceb,,,,2018 Q1
1575f73eb0274ab6b25567ace5ba2a90,,,,2016 Q2
6d1edf56e5894240a755df5cbfae806c,,,,2018 Q1
8aa2f57d85934578b6a5da5682500d08,,,,2016 Q1
f488a534b7204529908f1f95a6bd92cd,,,,2018 Q1
dd61e2bc8cd74beaa28224af99288068,,,,2017 Q4
cd53a72ed0374e009d1a48a0aa149793,,,,2015 Q3
b356ee145ca94ee89696c218ee71eec6,,,,2016 Q3
5504732e8c82404095094982131076d1,,,,2016 Q1
42636c607b97409ca9d284a8d13405ba,,,,2016 Q3
cd1f2f7d93614d5ea28f27c4875be0ff,,,,2018 Q1
105b50604fdc47298aa592d8946b8ac5,,,,2017 Q1
c78c4a78172d4a75b3cf12ae81ec4a21,,,,2017 Q3
75f463e0323742038b0c7e67612cd133,,,,2018 Q2
c8d4c279a5344f86a213725e199cb3f5,,,,2018 Q2
91822a0b4815413a82199d25c7293fc7,,,,2018 Q2
d7af537a9c1c47d8a89913699c4b4343,,,,2017 Q3
3407ea7b3da64a98848f6c2fadfc0c69,,,,2016 Q2
d910c3264654421a9a72916bd1816611,,,,2015 Q3
c4346e97f0a74f34aba9392856e6c1e1,,,,2014 Q2
fa16652188eb49e080e9369849db4350,,,,2017 Q3
3eb6aded21df4dcda69ba084c3dab2eb,,,,2016 Q2
bb60cc839c154faba1e4bd3bb3762566,,,,2017 Q3
324cde983eef4759ace1e2e30816b751,,,,2017 Q4
9dcc543fb44a4ff3b491f7b057dde052,,,,2016 Q1
4715bcde100647d6bbcc9b4f1e39df92,,,,2018 Q3
e0cdb055bfcb40aeb18accedf8346204,,,,2016 Q1
896a5bab4952449ba3c972fd71aa9f30,,,,2016 Q3
61e882f4824149cc9bc534308f8a2aa6,,,,2017 Q1
15a8348b98f24aa3a2a492e861625b93,,,,2017 Q3
96ff9b56ced445e5b0b07b1b82554113,,,,2017 Q3
84f484c6fed742d18921648d3d72218e,,,,2015 Q3
0a8446aecfe548388a774ab52162850e,,,,2017 Q4
468fe3d104e44f2da09311e42407fd5f,,,,2017 Q1
87a7470272ca422faa06debd1c813216,,,,2017 Q1
f9d169fa4c254d99b334c09088772cd0,,,,2017 Q1
266511ae65474a0297f7d6b1f0ec3705,,,,2018 Q1
b673e4cf251c498c9a8a0997874f6704,,,,2018 Q1
790d13770c3d43f981c9080f444f4cbd,,,,2018 Q1
0c4636aab4284e1484b7f88c6d48ba36,,,,2018 Q1
350baaf35ad14a8e805991bc704404cd,,,,2017 Q4
882a3db453b941f98e91fbac42d39b72,,,,2017 Q3
0c21d96502a64b6c9a90d5ca2b8a7be8,,,,2016 Q1
640f6eb009be4076a57769111ea79414,,,,2018 Q2
b73a475d5dfd496e87123fb689f67965,,,,2018 Q2
347b0731981245c681867568552acf2c,,,,2017 Q1
1c78834522f9410087e559648e9d9e50,,,,2018 Q2
22ff97b3841c460c8cb85aabfe14ae48,,,,2017 Q3
2ec402c33fb34f42a2b16a6abcb34936,,,,2016 Q3
20b5c011a0dd4c0f89957d770a141b90,,,,2017 Q4
b5adce6af1544deeb3e3f96f3544b169,,,,2018 Q1
35021cb17d1f4f23963dfeb34d32261e,,,,2017 Q3
8a2ce69930a740ba9a1de18a509abba7,,,,2014 Q4
72fdb0f803f84d2b983731b58a0d55cf,,,,2017 Q4
42085a2ff6b8457fbd59029593406e26,,,,2016 Q2
94d637e09b904f8db1bb28dba844133f,,,,2017 Q4
7b25c32a41fe421dafe15366b093fdd1,,,,2017 Q4
0d3f3f5f65b5433db4ef88f6cb518c29,,,,2017 Q2
19922e284d024fd2961bc2d2e7172ab5,,,,2017 Q4
22e48d2f671b4bcd97de9a51363ac680,,,,2017 Q1
b7e0b2b278794fa8af656a8cd8075124,,,,2018 Q1
0d22a83650df410d978e9ae2a3f94152,,,,2017 Q1
cabf3a5898694a0b83f7ba8de7e20b23,,,,2017 Q3
19fc24db285b41b8b91546f8ba7a1557,,,,2016 Q1
9340b5fb0b094bf290db110aff473d5b,,,,2017 Q4
2f540b11a67245fa8256ff903498b2e5,,,,2017 Q1
da86d73d929143cbbdee3f82b40bba0f,,,,2015 Q3
b4869c96c07e4be3aa9f2fc6027fe098,,,,2017 Q1
695d4738abe7406da6966df59a1cd4fc,,,,2018 Q1
9bc8a8602e6b42e2b36162f859ec2380,,,,2018 Q2
ca1896b11ef042ed9702c3b5ebbae538,,,,2018 Q1
36b0760c24574d1e82629a9d881b4ef7,,,,2018 Q1
2a18130a7d8e4824a57f2a9ef8c9920b,,,,2016 Q2
8b46b5a99dfe41b7ad858996521514df,,,,2017 Q2
6ee7b5ff797d43c2bc9f23f0fa69c524,,,,2015 Q4
812ca7f271cb4cf88417ece7a73092f4,,,,2016 Q3
73c672ec522045fbae5a0a6864214fcd,,,,2017 Q1
4cb518898aef4295b7a86ef86580f4dc,,,,2018 Q2
624c09e749c841b8a75d32a464c8cc50,,,,2017 Q1
69b1b12593b843b5950b4d9db0866444,,,,2015 Q4
a99417934b694273bb5991d6897ee1f8,,,,2015 Q3
4b5cbea8f0364a9bb50308c8b6dc2e73,,,,2017 Q3
d24693b4f6d141538c41138995cf1ade,,,,2016 Q1
09144b1952844d96b356b7aae28ec80d,,,,2017 Q3
6331a277483846d79c90feda3a4dcd43,,,,2015 Q4
6388786261eb42808f79e71509fb4855,,,,2017 Q4
3a224439e19e4c2096262bab837a3773,,,,2017 Q4
9d960e161d7f4cef86d30f3cc63dd85d,,,,2017 Q4
2a2c5ee51e784e0bb4a956a4d36ae159,,,,2016 Q3
9504588a36ed4c868759a7092cdfa7b1,,,,2018 Q1
8664869ece6148c3bae009024127af9c,,,,2016 Q3
1252c957dfb44171a3cbe9ad5f0ea1d7,,,,2018 Q1
a94a0e9e1b544cea8ee81e80ea3688a0,,,,2015 Q1
1b2df224a41b4aa9a269be43a4b4d0ba,,,,2017 Q1
8857500540a74e0a95c9919bb789c787,,,,2017 Q4
5827ad2a640444d1aa2868d6bfc65e05,,,,2016 Q4
143d05b3029c483a80c3ebb4fa3aa620,,,,2016 Q4
658806e12724476f875e2418141c3279,,,,2015 Q2
328b6cecb5434704bfd6d5ac35881140,,,,2018 Q2
a9012cc8c7d94d2aae450ea4c314d394,,,,2016 Q1
2170a95b5a08405eb33a3b21f19bdf1b,,,,2016 Q2
9b177c2a75054cc2a10db0e666a565f5,,,,2017 Q3
aaac4f1e28ec4f6e95b724e4974b41bf,,,,2017 Q4
7df9de0240c743b8a53743791d8f39f7,,,,2018 Q2
a58629a6827f48a2a5d3127db9bee811,,,,2018 Q1
22983eb87bcd4795b330c2d20d910653,,,,2017 Q4
3b792cbfde214022b5aac8207f482f6a,,,,2018 Q1
384c25983b6b40208362f8053b62378e,,,,2017 Q4
e959acbfc347460b8a55f94fc64e661b,,,,2017 Q4
c42e31b92abd41368be7ed1cf0a7ac46,,,,2017 Q4
cb566e7fef264e6db3c9df16af197f0f,,,,2017 Q3
dedf65cb4a424320a2d1f7d0b52cb9ee,,,,2016 Q3
547b2f119694435b9f3ecd92867468dc,,,,2016 Q4
effbbf2f8081437eb1fa22e17dd84038,,,,2018 Q1
3491cc10ee534ae49555eb277bc5df1c,,,,2017 Q4
62d6bfcd9c554637b92dcd556003a2e2,,,,2017 Q2
5a235652186f4b1d8867c5597607435c,,,,2018 Q1
7a732c740d84488f99fbbaa55b6c144c,,,,2017 Q1
bc7c1dde048047dea45b05467ec2769c,,,,2018 Q2
d2925895f1094ecb99cf24d0a62ce1c2,,,,2015 Q3
e759379af62b40dea7c1c707b1e49a2a,,,,2018 Q2
4ffaf40fceb94983a3bb8f92c069bfc8,,,,2017 Q4
cc82a0a1f09d40c1ac79d5b1d844cc9b,,,,2018 Q1
53efe838339f4ff69b567c3bbad9d9d8,,,,2017 Q3
d59b9601634a4116bb65209fe2a47af5,,,,2016 Q2
f74c63ee851140e195e36f802fce118c,,,,2018 Q1
e1c5485f813a47a984401e3f8e618d40,,,,2015 Q3
c28414b774094421b34abfe44c6d303c,,,,2018 Q1
b04385001db14fdf87829c6163ae9ddd,,,,2016 Q3
e0b8743326fc4ce99677bcc4d3dba3a5,,,,2017 Q2
9ffbcc23e8584ef4a48f3adff3e3c846,,,,2017 Q4
ee390b06407f4751b148a82a59b66dce,,,,2016 Q2
82438a367b064f298f4a81ed2ad5f8b0,,,,2018 Q2
32f7528448984127931687e9119688d5,,,,2017 Q2
752b38d02c834c1b9ad4fee3fa8f7dc3,,,,2015 Q4
b4ff5422b22542c2942affb8d357db68,,,,2017 Q4
6b6d241b304d435da7c8123926573c63,,,,2017 Q3
55a1796bd57140279edac3bb4166a8cb,,,,2018 Q2
f5b36b5758004dde9a81ce255eba3420,,,,2014 Q1
4bd77c67a1134ed4832c55231b736526,,,,2017 Q3
372f2fcc8db44c739284e6546905961a,,,,2017 Q2
1c453786fd524b2e84a2ced9beac6c4a,,,,2016 Q1
b1ec50b5494743968125ba2095dc4414,,,,2015 Q3
740eb8baec0042388638b4b30983b4fd,,,,2018 Q1
d63a0ea09b934412b45f04efd2beee14,,,,2015 Q4
ed147cbcfca5407c9965785f29d34a70,,,,2016 Q4
d01a27c670094f73aeee5cf138fa17df,,,,2018 Q1
7d99828599eb4d6cbd59b60ea952b46e,,,,2017 Q1
a7b77eb0f7f242df8f706e52a591275d,,,,2016 Q3
6b8dc8557ff1444da47b271bb0c2c73d,,,,2016 Q1
38259b87415e4d7897ec0fb9c621b3ad,,,,2018 Q2
78e9c32f0add49f181bb0312a6c6f954,,,,2016 Q4
0f89bd1fee15490dab326aa5ea95eccc,,,,2017 Q3
6b5cb5c2224a4f73b67e21f6608f0be4,,,,2016 Q4
d804f774f17b4fa18fbc82fcb344a068,,,,2016 Q2
f778f62ca6f9414782bfb35067060591,,,,2017 Q4
66bacac758ea46f7a08baea5a463ee27,,,,2017 Q3
2d2dfdca54a04c69832279c0161623cf,,,,2017 Q3
75d9de6a8e66420ba4215e53003e0f42,,,,2018 Q2
87229f6c938e468cb7db6c53894bd1f7,,,,2016 Q3
b3c810356ef94102830be7e11cbb2861,,,,2014 Q4
f25c057a1550460ebdc6c60d71f52638,,,,2016 Q4
ff71a5ae9c964d4195f69d15cd2aceeb,,,,2017 Q3
24f13b017f21418db21e379166c00023,,,,2016 Q3
129e925ef10f4579a8d2517c13a1006e,,,,2017 Q1
dd43726df73848b28c08ba555b8057e9,,,,2017 Q4
1b729c9d38354eb98fe9eff5458d9abd,,,,2018 Q2
89d20421f3154a00b4c45abbdb33e309,,,,2016 Q1
a2e434e61a6644d2b3dff095c867908e,,,,2015 Q3
251fa816e9b84da585d07025ee0388ce,,,,2015 Q4
1303cccd542e4e63af9e04f2587e6261,,,,2016 Q3
b32ff257e4fc4fda88140a74b68850b1,,,,2017 Q2
e41a323b03a0496bac531c1ca62cd0a5,,,,2018 Q1
6e1d4ac6dc3d4a9788b1b82ea4ae6ebf,,,,2015 Q4
61a2713a058b4ee782d1fbeced01b400,,,,2017 Q3
205d1ace508649fab7429043d9203f6b,,,,2016 Q4
918f1648bd1741dcaecafa7e30c0920a,,,,2018 Q1
54d488ee95fb4674b38fcc647ea040e7,,,,2016 Q1
daeccc82b26348ddbffcc3a775b7465f,,,,2017 Q4
763c4dff89034d43a12a6181f1545c5e,,,,2017 Q4
0f12659af9ed4251a2b4c8ade57133f2,,,,2016 Q3
0f6d41cb9bd144e3b091286856d12f5c,,,,2018 Q2
416e2f362d2b413189449e062dc9a301,,,,2015 Q4
4828b93dd6dd44eb9ec8417f0564a9b9,,,,2017 Q3
9dd3408e5f3c4deb889595d094d54657,,,,2018 Q2
75c1b4d22fd24b35b2f0a52fd8ff1735,,,,2016 Q3
d32aa738e03f44feac7ec3db9ec12baa,,,,2018 Q3
269e263fa25e433d81cfa2d8feacf2db,,,,2018 Q3
dfc3b4af2bd94ef3b32e09517a657db5,,,,2016 Q4
f891cadf773f4be896c7b65589491ad2,,,,2017 Q4
0092a132ead946ceb30d11a1ed513d20,,,,2018 Q2
5aeebe01099043cc9c6da51d9148b8bb,,,,2017 Q2
38902dbf3ce14a44bb03384e21ca32e8,,,,2016 Q3
d5891ad73bd8469085d81282d062aea7,,,,2017 Q4
ec80a606102e4df891ce8b1c5b168112,,,,2018 Q2
7eaf65e6d9f644f097356e6641499f1d,,,,2015 Q3
cdfb082c11f84719aeb7c65586bf5085,,,,2016 Q1
3b465313341d480aa62faf5fd520ae30,,,,2018 Q2
d4f2dbe7aeec4ec980b7622d9946e486,,,,2015 Q3
e15d54f8aaab498fa20d77365b91061f,,,,2015 Q3
5c308710330a4fc8a84dca08487ca477,,,,2016 Q3
0f1fe763ba994fe2b415920a6410507e,,,,2017 Q3
64cba5150cd048fcaf8c7221a91b33d8,,,,2017 Q4
2b2de48725e74246ad75278d604c9908,,,,2018 Q2
3afdcadc6c364dbd93a68d29b6abbcb8,,,,2016 Q1
6cd6ccd7be2f42508bb37ba08e798aa3,,,,2018 Q2
55f3d55244f349f58341a1aa340f9368,,,,2017 Q4
875d632bed8e42a4acf7e8e981781750,,,,2017 Q3
9233f7c6a0ef486291e21a8f60057c2b,,,,2016 Q2
1086697ae27644858779677adbe3321d,,,,2018 Q1
578e16c4f24a4fcf85bf3753a7ba39fd,,,,2018 Q1
06e25a9a59f046de9aba0aa367613681,,,,2018 Q1
40350eec33374b368e7f19700958efc0,,,,2017 Q4
3145b269f33640d7902251129a46f9f7,,,,2017 Q3
76e7730e63234870b1c5fa048f76a4cc,,,,2017 Q3
729119db3a25428ebb0c2738c8b87ef6,,,,2017 Q3
53f9276cd0f24fe08a42f99ae60ba2b4,,,,2018 Q2
536c24b840734eec96f747a2ec9983b6,,,,2017 Q3
df1395e0c96e4187a796569a356a1a75,,,,2017 Q4
6a6fd7b30c434e2f9dc09b0a38b7a08a,,,,2018 Q1
97bc6aac019542d8a8b24879c9464a72,,,,2018 Q1
04aeb750695a4d9eb3de6ce2ddb7b1e7,,,,2017 Q4
ea412591590546f4b8b21c5f87944e31,,,,2017 Q1
1e411bf08561419e892ea08bb2982583,,,,2015 Q3
c947c9bf027e4052b2b65523dd57362d,,,,2018 Q1
9d348a06bc4a468a846d524700084c8a,,,,2018 Q2
eb6e7362033f4651b0406e33e57badf5,,,,2016 Q3
3a2bb442fc97474db096a8ef4d488f12,,,,2017 Q1
28915983f43d4abbb71dea23ef0dd072,,,,2018 Q1
af281d29e2d2497998a2c6a315b500c1,,,,2017 Q3
76cce6e2462f4b08a83ba86758b85e95,,,,2017 Q1
6844010b939a46438894e0368b7431d1,,,,2015 Q1
a92d74444f7e4cb18181555dfa9b3564,,,,2016 Q3
263949aa5243478395df4d46a1cbf037,,,,2018 Q2
f38a220042de4c90a5f967ef6c4403d5,,,,2017 Q1
d75df391059b4ba7afd724b01e6f7ff4,,,,2017 Q3
c94532536a5941668aeb86b118c95f89,,,,2018 Q2
cc187b3ecc7941d492f2f9c10dda07dc,,,,2018 Q2
e7cbe5527b05443c8ef64549cbd09b30,,,,2018 Q2
de0b264ea0d54e9db3574722f8d49188,,,,2017 Q3
a73bd245583e4be5938ae0b3c6e3e127,,,,2017 Q4
f32b1bafc81f48969ca2f8c41ab2bff5,,,,2017 Q2
edba7b064cde4374b55a3035d161086b,,,,2018 Q2
413e24846bd646c28eeb46009df0834d,,,,2014 Q3
b7dc974d1a5e4790b8e5eea0410efbf2,,,,2013 Q3
b16a64321a924304b6ba8856b0704654,,,,2017 Q1
6a2260b060944970a637f4d57a2a54f6,,,,2015 Q4
90d003287a0842288e7d27e5322f01ce,,,,2018 Q2
3f6db5f2f5054f639396afc68b59fc9d,,,,2015 Q3
af0f75bb0af844138d6380c4bea49468,,,,2017 Q3
a0a53c490bf249d9ae7cc0ad1b69e63f,,,,2018 Q3
80d383309b50469e909b58162d610253,,,,2017 Q1
9e0091e205174cfe8b7f90089f32cca0,,,,2017 Q1
341d5d291e4d413ebea827b44c57fe4a,,,,2015 Q4
56204fd4a6a448a8b7f6696dade64912,,,,2017 Q2
de94b37abdb14635bb36bd1f3550c6a2,,,,2016 Q4
8592db48fa8d4b728fad0359846444e8,,,,2018 Q2
3db080837a5f4137aeb5cab01f739866,,,,2017 Q1
ca2f4be3edf7431aaf65060da4a9630b,,,,2018 Q1
58d8b6173f00448892e69d63c0cc9670,,,,2017 Q2
6e661ab4603a458fb00d9866e7b43c26,,,,2017 Q3
3b1dba3dbdf64751bc50228d3aa09df8,,,,2016 Q2
d8d0a90c87144227a499efa2ccd33867,,,,2015 Q3
085efb39e80140f08b90e0d77299958b,,,,2016 Q1
05cf6d57cbb042e29569cd3ca842ba42,,,,2016 Q3
3ff4085055214b61b9d18c4d548165d1,,,,2018 Q1
f4bc91d5a549410d8f98a2461dc24baa,,,,2014 Q2
e431ebcc6f944c5c9a2d93cbd4a790d7,,,,2013 Q3
35e187f77aed4f54824dce156b7d7a6e,,,,2018 Q1
5d592c863e464e229a6a6b3e82cbb927,,,,2015 Q3
29b4ba3741f040de95cba6ac2e436fa9,,,,2017 Q3
57835e26d1a7491b9974b15583758a2b,,,,2018 Q2
69426d0b7c344fe68f6271ea3d06b804,,,,2017 Q2
f52fe7b5724d4ce9b8322e01c16abb75,,,,2015 Q4
58487861a6b946d2b3c4c206ae5f0db5,,,,2016 Q4
0cefab35004f4329971c5a91696932b4,,,,2016 Q2
0063def0f9c14bc4805322a488839b32,,,,2018 Q2
90d4230563d6424d898924544b5008c2,,,,2018 Q3
ee2e614aa81844bbaf5189c241d20a6a,,,,2017 Q1
5b705521de904d9488c950ef75392649,,,,2017 Q2
ae736da1bbcb4c94bad3eb6efb2aedb9,,,,2016 Q2
00ad4c2cace94f67a6354ec90d6c6f45,,,,2016 Q3
f99d1e73b36949b08dcbc057f20989b0,,,,2017 Q1
7e6d3a665910453b9d9fdfb0997fd0b5,,,,2016 Q4
74ad666c65244a93acfea7aca9d6d82d,,,,2016 Q3
893c68fb5b7d41bab5fe10f320857343,,,,2017 Q2
7d4dea70cc16493596a9a27d42447a03,,,,2018 Q1
2a220eacc6ea40d2981780d0bb7a058a,,,,2017 Q4
fa3c299d9cd34264867731caa01f2f86,,,,2017 Q4
8d7f019460c6461e9eb6d2022d8b84ef,,,,2017 Q3
2d0006044f9b46ee8f65298b3abe8447,,,,2018 Q2
36f83395146641bd9ce63441a2629f2c,,,,2017 Q1
f9695bd5a90c4f2d88d281b0544348d0,,,,2018 Q2
6176d30bd5304dab8fd06eabe2571b98,,,,2016 Q3
6bf8b0a87c4b4e7986d710fda305e79e,,,,2016 Q2
4719086c325c4591806f043fa2ca270a,,,,2018 Q3
93d9f674445142f5b5bf52193c19624b,,,,2016 Q4
51927f967f12446a8397e98c11ebeaa4,,,,2018 Q1
235c1e2f7a4c4251bb4333a09a9c523b,,,,2015 Q4
aa2449c09b0d430c853433bb7ace1011,,,,2017 Q4
82bdb81319ec44bebe29907b8d1afb69,,,,2017 Q2
9e8e79d141d743559be1aebceb0a9261,,,,2017 Q4
9da33731c69f4d838d8dacc2f041d538,,,,2014 Q4
2579cf6c9d1944ab9c90659ba5d2a7c6,,,,2017 Q3
61347eea48ab406dbaeeced7b18c423d,,,,2016 Q4
72a3241ecd7441feaec8d17a0a640e01,,,,2016 Q4
218d6d52fcfb4237a2207c99ffe556da,,,,2017 Q3
b0a414c943454916bd7ad01c9fafadf3,,,,2017 Q4
4d5ea204ab824f1889fd370de95353c6,,,,2017 Q4
c6351c6c53314421bae2e5badb928353,,,,2016 Q1
84730da684cd4f548aee95ea4674bd17,,,,2017 Q3
8a647583b38f4397a8870b70eaefcc08,,,,2018 Q3
e902f47173c14c06851fcb6bf08121a4,,,,2017 Q4
d1333b7b8e064c8784453a9963d6f4cb,,,,2018 Q3
79b2c9f9c4274d91a577d598df60d17f,,,,2016 Q1
62038fa656a0440db62f4c4c38e69a93,,,,2017 Q4
c332c8e9782744c28f0264ac935fb09b,,,,2018 Q1
5a32c9a4b6614fa1885827808eeee8e2,,,,2017 Q4
a03346870c814da292581d7057426910,,,,2017 Q3
981285f3c81d491086cffd54eefbc436,,,,2015 Q4
b67686cf9c52435c95e9e3a09eb22425,,,,2016 Q1
e061a38b56834564937652a7c2fe75a7,,,,2015 Q3
c9d4f7fea926489dafd3f4266df8b915,,,,2017 Q2
3944a65e84494f9fa0be389e9ccbf7a9,,,,2017 Q3
eede03a866ab47b8b6f18b75f08434cd,,,,2016 Q2
a55e739b02374ac18ea0e8191b81bdce,,,,2017 Q4
28a856cb1e354ceb92801d71104c6fd7,,,,2018 Q1
628df16f7f6545abb8b769571b0c2c18,,,,2017 Q4
13c47585aa254c2c99abbf1fae4cac33,,,,2013 Q4
27389f66304d483ba97a6afe011c702e,,,,2016 Q1
a770f6bc6b074a4da3c13a783dd7f4ca,,,,2018 Q3
afd07f7a88424108bb0a30f66920eadc,,,,2017 Q3
6342d5f0912e4bb4a0ba4d21436e8e8b,,,,2017 Q2
95116b9e96624c7c822ce665a11672d2,,,,2017 Q4
ac76ca1ff69c456dad050ae58ad82647,,,,2017 Q2
3cc127b1eafe4a9991d5bc02bab3bf77,,,,2018 Q3
e668676a93b44ceb900e81d53c48126e,,,,2015 Q4
f18d22a1c1e349d89ca3b3f3fab873ef,,,,2017 Q4
97b938182cbd48e2b02c859dc8e7838c,,,,2015 Q3
da6c67094d3c4612b1146e707d8ba1ac,,,,2018 Q1
2d35e6cbece34ef2b6f9240972b52831,,,,2018 Q1
658b703206654714b4a2bf2bfee40959,,,,2017 Q2
6c5d611bc5664fef9d342efa01564039,,,,2016 Q1
b04a58ee91554c7182df30031c82a7e9,,,,2017 Q4
8bf722542af848079c72dd4cde722d0e,,,,2017 Q1
546d58ea43274df6875254b4201fd3a4,,,,2016 Q2
af5e9b05867542b2a92e547f919d2bea,,,,2018 Q2
c7958559f6bc4f0c8f036e68d4a210cf,,,,2017 Q4
76402af8c6ac451b8674c896b5fab540,,,,2018 Q1
a93b655903f249c7bc074c0b4b69f52e,,,,2017 Q4
39992ea3e85c48fba2934741c1825482,,,,2017 Q3
0a6a4f5b66974c8ba7dfdba2ce7a432a,,,,2017 Q2
a885874d0aae40fca4093ce48c45a194,,,,2016 Q1
9d5f4cf9173b4f8aa60769e0e2f0da97,,,,2017 Q2
fc94ff52a1994fe98977365a830aafb1,,,,2013 Q4
bfb31c56a84c44288d72235f1f6ea413,,,,2018 Q2
993a163545cd402b88c2355011fdddae,,,,2018 Q2
a4a723f52740470d8a12fd9ac4c96556,,,,2017 Q2
a812a119dbab4d5095fa34d49b67a208,,,,2018 Q3
d1cccfb974bc461c9d99d89fb2d9fe52,,,,2016 Q1
27dac1317d3840aca6afc2851177e98a,,,,2017 Q1
f6eb22fc4f464fa89709634caf42a171,,,,2017 Q4
16ce6c584b214299b3e8bdfbca8235cb,,,,2018 Q2
355e96c2298d428c80166e45fddd73f2,,,,2017 Q3
9209f7b9edb14e8ba344d9ce27a3e16b,,,,2014 Q1
6543fc9d9aea47d08f64b465df939c76,,,,2016 Q1
370c5f0ff5764c9898e22c51748be7fe,,,,2014 Q2
b0e4035acb1a4270ab48a970a0be7b1e,,,,2017 Q3
327b028a21a64fe2afe2c12d8932a110,,,,2017 Q4
5e386312836c43ca85550d8ebbbf12d2,,,,2017 Q4
c3bc3eec8a314c5a91caa286bf7cf542,,,,2017 Q2
2783bda0c3564efa82754065f3256a05,,,,2015 Q3
a090eb93648c43e481b80cd57a708ad2,,,,2017 Q3
6b45d418f4554ec48b834e6a5babcf27,,,,2017 Q1
8baf3fe198744005b9b86f7fa9e98785,,,,2018 Q1
33b819edf834414bb9097a9b33004389,,,,2018 Q2
2c2d37e8d44a4a41b06594bd9384eb2a,,,,2016 Q3
fcbb8fcc95bb4e2eaf2b3db20dd7e86e,,,,2017 Q4
32f0edf2e8c24882a2a7f4de13c55b44,,,,2017 Q2
2a0bd0b90c2a451c904b11c543c920a8,,,,2017 Q3
09d8cabe7017456da71f0a8fb4bf4b3d,,,,2018 Q1
2dec46498d6c480b870183a4c02f3652,,,,2017 Q4
c3bade8299614e03a3f6e003a13a74d2,,,,2018 Q1
51d298c5a1e4481388c146b952acaa54,,,,2017 Q1
7ebc1c5f8180493f91077a3aaf37167a,,,,2017 Q2
6b040d1c99e84530ac93693ef5714da6,,,,2018 Q1
080ee808af4d416ab7c598b3bf2855ba,,,,2018 Q1
1ac81209aaeb494bb9f78b29cdad85a7,,,,2017 Q4
a35f0ba321a0447991ed2ad2d543a1fa,,,,2018 Q1
c62ffad9c29f4510abe8722c58512500,,,,2017 Q3
1fbe6c5da2234a3d94968b608d447419,,,,2018 Q2
f25ddf8a89664bf594d972b8aecd428f,,,,2017 Q4
f33f934662044f889318b4e5410da827,,,,2017 Q4
05417c4386804c4fa74e34a3ca632f49,,,,2016 Q3
377687bb736a44c1b89cf32852dce2ad,,,,2016 Q3
52293b30cace464aacc43227ab3538d2,,,,2018 Q1
f0067f5d15ed4c79932bf7e6fb12300b,,,,2017 Q4
93bf7b0dc70b43a18f7d9a8f9c0f3b43,,,,2017 Q2
36365eb0e56b4e45bb8b762a3d51edbf,,,,2016 Q3
565c54e335184cb2a0cc563b6f9af82b,,,,2016 Q2
681e7f69b5084b7cb96529ac67513f23,,,,2017 Q1
ebeb7e7fcb9b46b6b11221f0b58e6b6b,,,,2017 Q4
fd081efc1be54e31ad5152450423913a,,,,2017 Q4
a1cf5795a1374abc92152321c336100d,,,,2016 Q1
83a269c90f7c44188b9be3fd856862fe,,,,2015 Q4
8a870f020ad54eda9bb326515d60e59b,,,,2016 Q1
8e96eadadb8c46bebc04f2697f4367fa,,,,2017 Q4
7ecfc592171f4844bdc05bdbb48d3847,,,,2018 Q1
5c649bfc2ec143559666316aa30b40f3,,,,2017 Q1
c769325b48ab462e9d80987fc29cb302,,,,2017 Q4
aedf8121e1e24dd7ba239ed18479f54c,,,,2016 Q3
89dcb78d1489424cac40ba9271cf46d7,,,,2017 Q4
b50d7e5567f14070bd95e2c2a45e60f4,,,,2015 Q4
aa0ec945932e4a3681f56367457430e2,,,,2018 Q2
4c2b210708d041e79eee6875775a0e10,,,,2018 Q2
8f7ccdf48ce94663821995f157a16dd7,,,,2018 Q3
34bd116837b644fc942370d742b677e1,,,,2018 Q1
e8d790013bbe488ab860acd314b44f7f,,,,2016 Q1
b19541b74ab34a45a4d7743b8c68b36c,,,,2017 Q4
4d81f9f887724401a9c7606db4afef01,,,,2016 Q2
c403a7f5a38b433d967296fc7a8f9684,,,,2017 Q3
a3e400d45651427c822dae47cd410770,,,,2018 Q2
7e70232d747043f1ae50f3bb41e32e91,,,,2017 Q3
4d8213f88ffc446595066a6d6ad619cb,,,,2018 Q2
5da2a1a6f8434c32b5d3dd53d76a267d,,,,2017 Q3
ff171032c3484478ae213de018a51402,,,,2017 Q4
d66f572de8014c5b82131a5bd2eb4d25,,,,2017 Q1
a8eb0b8793204dff9c3f4c05b22da693,,,,2017 Q3
00b5fb9d842d437e83033ad9e36f7148,,,,2018 Q1
e8ac07bdf80d45ac9db566782baca2a4,,,,2017 Q3
be36aa2ba392401db1b878f496b1b5c7,,,,2017 Q4
c85bfdb6d62e49bc834508be9b261928,,,,2016 Q2
30a563e8d6654c039f5ee9183302a3a1,,,,2015 Q4
fb17d322628a455493f942d1b8d6c808,,,,2018 Q1
1e663ba7cf0a420e93a1ed185db67c78,,,,2015 Q3
818a9d950800459d9f5a872ada939966,,,,2017 Q1
565eb4151c84489195be278fb64cfb93,,,,2017 Q4
c04d53f91da74958b54df9f715532342,,,,2017 Q3
7416cb5cf81143469b26c7638388b634,,,,2018 Q1
3f62dc31f11b453a9909809e20852450,,,,2018 Q1
c134adbefe8449ff9004f03d0cdf11f7,,,,2016 Q4
6beb1072bbd5438c83dd0bde66d7261d,,,,2018 Q3
d9e89714e8ff45b8b9125dc211f75172,,,,2015 Q3
0295719cd357460cbab54f2392b01d19,,,,2016 Q3
33fff31f688f4b659363124031780d4b,,,,2018 Q2
aefcc0baa56342649e3549e6cbc6d1e5,,,,2017 Q3
d9ae18fe286c4a8ab44086a7f930c0f3,,,,2018 Q1
ec43b3b9502f4142949ba5f1d37aad62,,,,2017 Q4
041f00ddd6f340b18c174a0c997c9955,,,,2017 Q1
22f1d005e7b34b7090e466729781f8db,,,,2017 Q3
326d0b0d31824bdf8501d0fcbb64f33c,,,,2017 Q4
2033fe44df8c4236b57828dc032a6115,,,,2016 Q4
40bb82c9ab8741da80a8b1c00758b2d4,,,,2017 Q4
8d7c5413f98d405e88fd4f35cb705780,,,,2015 Q3
5176ddef3fe44ae59fd70ba2d08bff32,,,,2017 Q3
78e99fcc45b04d4084d556c890efd224,,,,2018 Q1
ca7869c969344253bee98344942642e0,,,,2017 Q2
ca426cadc83b42a98bedb7b570e3e707,,,,2017 Q4
11d87e606c2f4d649fe09a5e84d048c2,,,,2017 Q3
c0a18344c4fb43d1bb0fb1a073629d57,,,,2017 Q4
89df77a592164f5db95664e6991e15e0,,,,2016 Q2
9c3f4f9d23d04636920cfe024b05eb6d,,,,2016 Q2
97a94283e9a84bb2907d7fb3402c5e26,,,,2015 Q3
590d6576dccd4ff286c4a4a64e40ba65,,,,2017 Q4
c61e90bc54de43a1888f229d46d62daf,,,,2016 Q4
b95e05600e9e4162b69d28cc9dac70e0,,,,2016 Q3
6224a7eb6b984e218c0c5e8107caf548,,,,2017 Q3
42d92c24440b4a2a853a9ba4f7939ad1,,,,2017 Q2
79a8c6c9f9e34117b8793c583ec16521,,,,2018 Q3
48225ea573e545e0b704ce3fcca8bb9e,,,,2017 Q4
a5519958fab34c1f97ed3c455160c5d6,,,,2018 Q3
7fbd19b2787948939d036a75a4b830b8,,,,2016 Q2
86b8f92aa604408994acf65809e10f7f,,,,2017 Q1
7ae1c617339940b7a035530a56f81a54,,,,2017 Q1
04e44377fe9046a3b5b781d1cc74d064,,,,2016 Q3
0b12d4acf7224f74a35eba7db6586f57,,,,2017 Q3
57a2291de4f345559c87899f2dc8d3d6,,,,2017 Q1
0a8b2a9395314cb2a83f2eaf9b18f018,,,,2018 Q1
ca7c728b94c0452cb30f069308abbdd3,,,,2016 Q2
270e7fd65f7e45c58b79d0d8ad2c72ab,,,,2018 Q2
24fc21df6e144e37ba576cec759dfc7f,,,,2018 Q1
e310e9f6786542ada91065a691449674,,,,2016 Q2
c20df4c48430421fb2b738cce8ae8f71,,,,2016 Q4
aea01a1fecff42cb932edd3a4714885d,,,,2016 Q3
25adf3532da54e719676aaefbda12318,,,,2018 Q3
3e193daf33dd4b809a90d90d0820ab0e,,,,2016 Q2
c254d84bb25945599de161b44934f735,,,,2017 Q1
075388d9edb74c879d4ab4e4589eac60,,,,2018 Q1
9f7d004834a74d828e3a11926740b2cb,,,,2017 Q3
a0eb0c8c7b0d4a69ab1784e377564379,,,,2015 Q3
5e1d43101c2640b0af02f9c0f6a32755,,,,2018 Q1
6454f8fe7f594a96a95b11e194af562a,,,,2017 Q4
dfa2a3433d2a474e9b55a984e305405f,,,,2017 Q4
29bedeb307a7409987b3a6410565573d,,,,2018 Q1
86a5177c22484d668a79ea5645aeab09,,,,2018 Q1
78166a12fb3f42aaac271b75fc2361e0,,,,2015 Q3
d18070f6b5d64907b1ffbbb8ae72e6c0,,,,2016 Q3
daa6d5470e2a4d52b30e6943275722d9,,,,2016 Q1
df3abeb81a864e45a7869353d63cb136,,,,2016 Q1
27d73703045d4f63b2ce5aa79f3e9596,,,,2018 Q1
e791cf28bcb14311a8ecd7eae7d3e6a7,,,,2017 Q3
dec84283d63e4e69809ed531f9e19b3a,,,,2017 Q1
22afc7c1694847c6aedc0d4d55dce9a7,,,,2016 Q4
d7d7e46763ce4ee092aac0a4b970b617,,,,2017 Q2
25949880f9e34890b538eda513169a9d,,,,2017 Q3
bccb6c130c72428caf656e68cceccb1c,,,,2017 Q2
8dd102d906ef46aebcbe8a3bfb8a9760,,,,2017 Q4
40a1358e6ff240739e72a0c39c9ecdbd,,,,2018 Q1
86aee75b737547cfae284c2eb841d5b7,,,,2017 Q3
0a9b887bdf2d41b592ba69549760f191,,,,2015 Q3
6267231eea784a4d9a938d742b8d93ab,,,,2016 Q3
c8d3268a89e646c5a2044d1fcb13d0b0,,,,2018 Q2
c82630e7fd8f4d37b204d92446638ebe,,,,2015 Q4
bfdcac73224e4f3d82f97944dfd1e124,,,,2017 Q4
89417e13fcd54dd78b80f97f7f085cf1,,,,2017 Q1
b2bf7d903b4a4aeb96d1ee1e23ebdd12,,,,2016 Q1
ff964fce42a74d519bd1ad2e0e20cd9e,,,,2016 Q4
7671bd43fe8d4a4eab7aa1d8c3c011e6,,,,2016 Q1
472179be632343d4a1bcdc081d3a1427,,,,2018 Q1
0f206ff4e35445f2b20d9d6f48ea7e2a,,,,2017 Q3
4d870b9ba1a542e79bb73d495e5a41b2,,,,2017 Q2
0a5cf2f85cab44efbb4124d5410ee671,,,,2018 Q1
61defe0da7cb413aa7afff6131638e87,,,,2017 Q4
dbd7247df7444b2faa564e2d33dc732a,,,,2018 Q1
d1f47be68ca949a88293e430ca7f60b5,,,,2018 Q1
1b8c2bb8e244461c9266ad07fcb78d83,,,,2017 Q2
2e56213da1ac44589157403972927ce6,,,,2017 Q3
2d54fa98743946f286e28acfd24cd4cd,,,,2018 Q2
5fecc62c4ec14cd483894563b6f49549,,,,2017 Q3
8f30238504d3473c88f216a4bec31503,,,,2016 Q3
9f03542ae38e4b4795457536ba3b0573,,,,2018 Q1
abcc3cffbf8b483bad88116fe6ee3cd5,,,,2018 Q2
34302ff0fcf8450eb335db6e878080db,,,,2016 Q2
5432f66d791e4c1582f67ab518ef3489,,,,2018 Q1
639a74405a7b4ddd92f719871dc180d0,,,,2017 Q3
f6dfb4b431c840ccacbc3e4c8b0f9049,,,,2017 Q4
372fc13ae63745a3856111aea90114db,,,,2017 Q4
4911462378c34cefa51ddbc0cf9f22c6,,,,2017 Q3
e9eefaeff98d4db48e939670a58f74a3,,,,2017 Q3
a44a954015e44908aaf220abdd1f65f2,,,,2017 Q3
e4134b04462c4de9bf7ea3f909e66d4f,,,,2017 Q4
52704c4866eb46ea950b7bdd9812142c,,,,2016 Q4
f3d90a259baa4c9988144fc5dfb2329a,,,,2017 Q4
226d2222e82e48b4a62b17eb416bb0a2,,,,2017 Q3
a31bed7e7b87445a99950cc805ad7cbb,,,,2016 Q4
4f76a3eb3d28409b88660af71b5567b3,,,,2017 Q4
f8f7f2a0836e4ddf929e46a283f44b82,,,,2018 Q3
6673484ac7d9438a97f0785768ac35cb,,,,2017 Q4
868f81162f0846c09d231848c1905303,,,,2018 Q1
d805f98dd0234ed3a1c537b689d15913,,,,2018 Q2
a14c3e31d31c412c9f013f8880f82ef0,,,,2017 Q4
0cb086ad62d34af1b8a3fc1860e4215f,,,,2017 Q4
e7fa7e370af545a59677c0dab08a9214,,,,2015 Q4
7713b9dfc90f4570a6eab57cf64191b9,,,,2016 Q1
d56386cf344c4829bbf420d1895dca37,,,,2017 Q4
8ae49e01c5cc4029ad3758b6081b3bfd,,,,2018 Q2
3f8e7c0539114da19f91e39d11746024,,,,2017 Q4
55f61387411147bb99db9fc70fc665c0,,,,2016 Q1
2603cdad859c4268bdf84b6c6afe1799,,,,2017 Q1
88b8870c325e4f8880335ada0c5cec60,,,,2018 Q1
ebc87930804e4e9398e28d33f1896c31,,,,2016 Q2
fa75661c3aa848ea9090b77c9ecf37b6,,,,2017 Q3
53519ac74bfa4caebaca6e2b47b86e2e,,,,2018 Q2
f91e32724bc548cfa96306fa256adb6c,,,,2015 Q4
5bba4b591ff5402b912deb5b7c6c4b4c,,,,2017 Q1
9f04251de69a448db9fcf2a39a2ee109,,,,2017 Q3
783ae371fbc84e9185cce5b0d347509b,,,,2016 Q1
f6518c2b6806414fa80552ce7a3c2a91,,,,2018 Q1
bcf0b562ebea4cb49013f521475e2fd5,,,,2018 Q2
992eebab42594edc966b71493316cdd0,,,,2014 Q1
37c6e45469e64e09bb9d7e7cd92e8850,,,,2017 Q4
85b161ae23e741b6b7b538b8caa1f24d,,,,2018 Q2
e8246149671c4a248c8666a2d7ad36d1,,,,2017 Q1
f0ec5023e1d1406dbcadf99a5397126d,,,,2017 Q4
2c8adcf84d1643628f893c2084e3d3fd,,,,2017 Q4
cbe87ab8d5ef41cb9a986196bdcb653f,,,,2017 Q2
08c2d078295b42618969ee039f6156ff,,,,2018 Q2
6f3b280b65484625b878f8ac8e68a0d4,,,,2018 Q3
54a93e6e0f864be19c02f7726770a059,,,,2015 Q4
d4864a84304f4c988cf9748813ade9a5,,,,2016 Q2
68fc89081fe84717aac2ea97a41895d9,,,,2017 Q4
6a18d6be7bb54e7cad40015549ba4527,,,,2018 Q1
319df0da652f452eb8a5876e9ebd17d4,,,,2017 Q3
78bdca4288884249b71accd31a69b9d3,,,,2016 Q3
b9d7e4d189ef426d8d27a29a4df24363,,,,2016 Q2
5dcf30e72a5540edbf29df82b6e35d37,,,,2016 Q1
73c456d983484fbb884aa78ac723c36b,,,,2017 Q4
be983f80dcbd4bafa18794dbd103553b,,,,2017 Q1
b0d824ac00104503bddefcdf811f8c36,,,,2015 Q3
ad31616fb9094f559cc30051c0512a3b,,,,2017 Q2
258df44b49644e28873287c18a2d3474,,,,2017 Q3
714ffa98de8a485b88f5ec40a2de521d,,,,2016 Q3
ab13717870f6457bb4104985b68bf235,,,,2017 Q4
2651464d36074e03b8b24dde90574381,,,,2017 Q4
8d426eecc914405d9ff2b8da724986a7,,,,2016 Q4
5cc43f4de39544b39cfcb341e2cd9fa4,,,,2018 Q1
4f4f6ff4340040f7bc938d5b46cb0a5a,,,,2016 Q1
f656e0198767473fa87a72917264af7d,,,,2017 Q4
17df9c48780d4124b2448aeedb3ba095,,,,2016 Q2
c8b23cd4b0f8480bb82f9587133614e0,,,,2017 Q3
b4d50689af024749a235c6ee77db75a6,,,,2017 Q4
9f4e4b4ff3f84ab7ab7f7e695a967052,,,,2017 Q2
ab16e66b724d4b4dabce812b62ff56b8,,,,2017 Q4
686fd63515fa4041bd8cd1d003a61926,,,,2018 Q1
cb47e296ba87499b98445d2d1b8b5e52,,,,2018 Q1
f9a4f190f06f47f0b7a581cbe18c0ff4,,,,2016 Q1
8c17a1d5a98343ebac53d9aac99aeb42,,,,2016 Q4
be0a628417fb46688fd397cc8eb5058c,,,,2017 Q3
cf84e6c0616148f3a6d736992d624d45,,,,2017 Q4
0eae927d54084bd5925a65d801a665cf,,,,2015 Q4
4f922af2b5da42cf9d6dafa0a95fc0ac,,,,2016 Q2
ffecb1f8543f4bf7bade023de366d6bf,,,,2017 Q4
823456920e3244afb37fbea9662118d8,,,,2018 Q2
ddc82116e8c844a18894eab1c8e5a596,,,,2018 Q2
59fd39ac5ef149fe987d7a1f49a47279,,,,2016 Q1
4b960cfe5fea411a988b3f42cebb1755,,,,2018 Q2
cf94d1e2bdfe4be297c5f31c50d19ec7,,,,2015 Q3
19066baab0914321ac859af0eb741c8d,,,,2018 Q1
9b7fd7a0cbfe4dcbb952f3725a61aa41,,,,2018 Q1
5a8dadc611394cd1af9692424b090824,,,,2017 Q4
0ba5ddd198e04ce3837c1ee2fbb3e4b1,,,,2015 Q1
cd8a88670e404eef9d4edc3010dd84aa,,,,2017 Q4
9b84c5f2038e4f638813091d3565a8f0,,,,2016 Q2
2435df86cbb943f7a62a512a74d93913,,,,2018 Q1
5fbc47b113ec43128e5dca58dba9a1ed,,,,2018 Q1
db5900adad734b92a050ba8dacb5b163,,,,2018 Q1
c7ed568ebac24260a147fa46fb074e46,,,,2017 Q1
f3fce93462d449049a4b8615af3f5355,,,,2018 Q1
3831a70caad44f6c908a5de8ff2a6313,,,,2018 Q2
553e5975b23c42239e9c71fdbeffb4b9,,,,2017 Q3
b77f0bad29664ad281423df2882dbd6d,,,,2017 Q4
61291f66800945ed98b66c9f656fb2de,,,,2016 Q2
4a150b16fd124627bb2fbeff5bdd3de3,,,,2017 Q3
8b2aa1d1e2c8463c91d5d49b63f6821e,,,,2016 Q1
7c6243169906451d8450f63d9b8011d4,,,,2016 Q3
40abb553ffed4b1aa69d65c96fc0d5a8,,,,2017 Q3
a27a36c99868424aad34d110ee7aafe7,,,,2016 Q4
388479e5ead248eb8c663a0015615c47,,,,2017 Q3
fbadbdcc52fa487d91897161c590be84,,,,2015 Q4
6e765b58b2414b1ea6617af14aa8c42f,,,,2018 Q3
872f08a79d904dc9928b6d36e07522b5,,,,2016 Q1
224afdf57c184294952f3ba48bddfd0d,,,,2016 Q3
7920c1de943d4acfbb2ab5b623504125,,,,2017 Q4
8476d3c3fee541aaa816b0cb35afc451,,,,2017 Q4
e6610f34d20d4f9da23105c3ee064b7d,,,,2017 Q1
14ffee72f67847aba81c4bec72dd6201,,,,2017 Q4
6b214a99748949608e302160c8845f7f,,,,2018 Q1
fdcb232e66d8452d9cd914e2770c9a00,,,,2016 Q3
30fe4a8d17ce405db41a5e47e8675d30,,,,2017 Q4
e6eb52cacaa346aeb7f3bb633f844c3f,,,,2017 Q3
d7f862d7f4404fcfacc123ea45cf2b3e,,,,2016 Q3
7f49a11dda5b44c2b6afb7d3303c2a88,,,,2017 Q2
484cd5288cd2460aab5d3d3ddf8646ad,,,,2017 Q4
058f0ba7688348b5b95581e513879743,,,,2015 Q4
677605ce51a948d4ba74fa54229119e4,,,,2016 Q4
ff726a9e9f8643ee9ae1c7b074a583dc,,,,2017 Q4
81d11db6de8144a294bb597dd07e6143,,,,2018 Q1
d92e1547a7f44706a61f15a47bf75313,,,,2016 Q1
07d8e818a7d34429aae9d19958913a58,,,,2016 Q4
0cca03ab86bd478199187560be008d63,,,,2017 Q4
5304e1569b324e7eb717bea1f5c74e33,,,,2016 Q1
87fc212b87094b4ca8ec2c5b5600a229,,,,2018 Q2
f06f6ca8c4324e2a8581dec2b91cf8b8,,,,2018 Q1
39946f79aeb948d1be8a62ac68bf66df,,,,2018 Q2
ce895c02389d4708916bc755b2abf98f,,,,2017 Q3
05746077fd824d72899e035cf893ce0e,,,,2016 Q2
ce96fff5ef0a41e1a217728a81f6722a,,,,2016 Q1
b5c8618956124d5cbdac6b89275cdb7b,,,,2018 Q1
f8e3fa27b11042acb311795da7e4ff56,,,,2015 Q4
28476358ecb3414eb56e35ca6842bdb0,,,,2018 Q2
be35280537a345a588aeb3c66e6190d9,,,,2014 Q2
cd69545de4d64f128abc53cc0da0de01,,,,2015 Q3
d7c5eba7c8884d06b82f700b0e7c1b05,,,,2018 Q2
86473e1e0145431d8c7d7b0d39a86fd4,,,,2017 Q1
1e95b3bc9dd94d5aa14ec531ea948b89,,,,2017 Q4
b781e826e90f4161b96794a4c6d6e926,,,,2018 Q2
08f478cb589a4dcb882a079b1ccffc20,,,,2016 Q4
0a0e3bd8c3dc4127ada0c58bcf997da7,,,,2017 Q4
c62876bfad1249eabfe5e57b310e040d,,,,2017 Q3
5e78586d062041f1bfe97eacc63e1485,,,,2018 Q1
a6f84f4e976f44508c358cc9aba6d2b3,,,,2017 Q1
d23a2ef9008c4287a8a7632b9b913f2e,,,,2018 Q1
fd660559958b438b8ff5a8b684ee28f3,,,,2015 Q4
1c57a581a7a24d39a617122b5cb35747,,,,2017 Q1
6c8d485e29df40bd984bc04dda96faf0,,,,2017 Q4
570f7cc3a63249d9b295d5fb8a7c1d73,,,,2017 Q4
d5279845609e4e239201ee7c59275eda,,,,2017 Q4
04369aa7ac9a4440a794c471ae7c3f77,,,,2017 Q3
4d9ed306dc8e4225abdc7e834a8a65f6,,,,2017 Q3
2f3964e445744ce29ecd95c7656fbf22,,,,2017 Q3
b895c57e8cd047a8872ce02aa54759d6,,,,2017 Q1
99b4693c57f146fb81a2b44d6b7539a8,,,,2015 Q4
c4137a37c33446f2a22f59282865f6c5,,,,2015 Q4
4d303cccacbe4f009fd890f6125df5c4,,,,2017 Q3
bdd5cd8abcc646d6b8bbac3933779bae,,,,2017 Q4
182c913ddad3496ea2cbd2a097c8669f,,,,2018 Q1
0155a21497d54684a55c3bc609843768,,,,2016 Q2
64257cb56316491fae38e62f2687a66c,,,,2015 Q4
56a0b671fa0347beb8b60011a15800aa,,,,2017 Q4
060c0b9181674d03aa181b75353b9422,,,,2017 Q3
587453e2944b4c6699519a217bf87de6,,,,2016 Q4
d6063a30185b4e60b58a445bacec5f56,,,,2018 Q2
a225189b10a141d5bb1ff0a05265da4c,,,,2015 Q4
4342cb3414534aaca96ac523edc82654,,,,2017 Q1
d1477e69857f42d18929f6f29b3be427,,,,2015 Q3
6c0df9b1d3b8401c8098c7c7f9977d89,,,,2014 Q2
7b3b8100d6444861803cefc6b13c9a43,,,,2017 Q4
3a02d786fbc143edb257665ad54c5c09,,,,2015 Q3
8f4364144e0548f885b390f28aabe2b8,,,,2017 Q4
1efb4a45f5c34db4b07ebd19bdfc1b41,,,,2016 Q2
113f3f07ac2b4f8b940d6136233ae3ee,,,,2017 Q1
b6f74fc8e1664cfb9b44834dd9f7cf48,,,,2018 Q1
123ec648e228460589182607c0db4dd5,,,,2015 Q3
09f61d1d6e05402ca923d614dda52d57,,,,2017 Q3
7b32b3085ad540a58482c091b1dca914,,,,2017 Q4
54ed2d25754a486fba36eb5c7541203a,,,,2016 Q1
e6843a4996574eb693ab864ecc406d56,,,,2017 Q3
ba12d53863b3456f930ac62e2503fe48,,,,2017 Q3
5ca2620962114246ab218fc648eb3934,,,,2017 Q4
653d8f383fab43d4a93b10b02bd67266,,,,2017 Q3
f19d9482309d4e93ad74935f9e46e44c,,,,2013 Q4
eb7dd979f4644052a5c401a01f129132,,,,2016 Q2
5c686d09ca4d475a8f750f2ba07e0440,,,,2016 Q3
d9ca82f550ac4ee58b6299cf1e5c824a,,,,2016 Q2
ca45ee1883624304bac1e4c8a114f045,,,,2018 Q1
a9a20fa8b5504360beb4e7c8712f8306,,,,2016 Q1
c02b10e8752c4d8e9b73f918558531f7,,,,2015 Q4
